,Yield (tons/acre),Total Radiation (W/m^2),Total Rainfall (mm),Avg Min Temp (C),Avg Max Temp (C)
0,1,354707.0,2560.87,1.285646831,13.2354338
1,2,124234.0,861.75,2.269679938,15.18816209
2,2,346078.0,2054.41,2.200146839,13.9947356
3,2,248812.0,1536.29,2.84011164,14.95961114
4,1,142496.0,767.61,3.372638743,16.68097763
5,1,352995.0,2280.56,2.044877642,13.36636661
6,1,166776.0,782.26,4.811066157,17.43310866
7,1,360951.0,2480.12,2.363325014,15.4324789
8,1,151146.0,1196.66,2.886817078,15.1305677
9,1,157932.0,645.91,3.939477363,16.89224494
10,2,244880.0,1147.57,1.058577474,13.51487802
11,1,250447.0,1791.7,3.516251662,15.82217992
12,2,247863.0,1436.45,1.446417852,13.84288019
13,1,276576.0,1269.96,4.29716249,15.89735834
14,2,138819.0,737.81,2.907850276,15.54139309
15,1,150239.0,880.51,4.465745629,16.87113687
16,1,161610.0,775.18,4.483624771,16.66050837
17,1,251380.0,1844.89,3.380730978,15.47550474
18,1,243275.0,1135.52,1.080685395,13.39429175
19,1,376622.0,2408.19,1.757743997,13.78667588
20,1,254783.0,1759.69,1.433528308,14.97224888
21,1,135297.0,828.07,2.949072585,14.94839657
22,1,140876.0,1081.96,3.472628003,16.88796236
23,2,126440.0,600.43,1.103135822,13.40717004
24,1,266134.0,2231.82,3.87808187,16.55850609
25,1,259972.0,1881.94,3.96614725,16.72460728
26,1,382812.0,2393.75,2.596236837,15.92069332
27,2,119689.0,909.25,2.962922942,15.16162629
28,2,350798.0,2147.57,0.915057225,14.23529235
29,1,254511.0,1848.22,3.396685431,15.80523158
30,2,351236.0,2060.66,2.322604187,15.00390794
31,2,249654.0,1202.34,2.102109893,15.00844109
32,2,141777.0,974.55,2.226710215,14.40994935
33,2,244396.0,1425.39,2.665889777,14.68488937
34,1,150937.0,1415.68,4.405239409,16.23118159
35,1,359101.0,2068.94,3.145112333,15.68089023
36,1,386144.0,2376.72,4.01965344,16.57127642
37,1,361561.0,1768.37,1.281054747,13.39863903
38,2,263187.0,1864.5,3.097602817,15.56097839
39,1,151481.0,670.62,3.321487676,16.38904667
40,1,384083.0,2151.02,3.74401377,16.6431683
41,1,378593.0,1823.03,3.581222412,16.00861263
42,2,141766.0,1448.1,3.212957712,16.06836163
43,1,255505.0,1138.65,1.613352668,13.86008245
44,1,152347.0,1116.73,3.646390887,15.81506931
45,2,134695.0,1265.38,2.033009437,14.6625219
46,1,358936.0,1822.51,1.1637496,13.87381047
47,2,240212.0,859.69,0.574598858,12.44964673
48,2,367799.0,1714.58,2.92523798,15.77124228
49,2,353192.0,1788.52,1.776739043,13.57297625
50,1,160077.0,994.06,4.563790242,17.38946689
51,2,137069.0,987.18,2.999523161,16.60902196
52,1,256586.0,1484.22,3.166123618,16.05255085
53,1,387083.0,2305.95,2.866355237,15.31549801
54,1,367278.0,2215.91,2.795526076,15.2134827
55,1,364945.0,1867.66,1.202388533,13.05698837
56,1,253871.0,1879.94,3.528062037,16.71918277
57,2,234306.0,1560.07,2.49062419,13.9012101
58,1,372093.0,2432.13,2.141567142,13.92660352
59,1,142082.0,773.41,3.023734329,16.3519854
60,1,356191.0,2088.26,1.151319799,12.95700062
61,2,356027.0,1776.56,2.24607879,15.58206439
62,2,230476.0,1373.74,1.966356865,14.00249311
63,2,245878.0,1786.63,3.023583334,15.37892795
64,2,237226.0,1546.63,2.204919896,13.61307242
65,2,351975.0,1602.19,2.357328054,15.14280215
66,1,159925.0,775.67,2.951835231,16.70624065
67,2,358487.0,1875.98,1.264679155,13.37430113
68,2,347208.0,1736.49,2.11055441,14.94097577
69,1,246609.0,1235.57,1.09646665,13.55905216
70,1,147908.0,683.7,3.308456277,16.2388207
71,2,336896.0,1634.36,1.089026485,12.44290419
72,1,371690.0,2219.3,2.272515321,15.13627478
73,1,263556.0,1917.74,2.919148089,15.06871428
74,1,280632.0,2275.24,3.688699132,15.74787247
75,2,257010.0,1900.35,3.708759297,15.81471563
76,2,151851.0,1714.47,3.814159725,16.4126744
77,2,114947.0,822.46,0.864918086,13.0320335
78,2,131207.0,733.83,2.150955839,15.38447862
79,2,229828.0,803.95,0.927949539,12.1879082
80,3,128339.0,965.12,1.850912016,14.02792231
81,1,366440.0,2357.91,1.848561608,13.88060249
82,2,333806.0,2092.34,1.039786321,13.04893017
83,1,140594.0,1266.76,1.367272161,14.99902375
84,1,153198.0,821.51,3.905480058,15.99515352
85,4,355919.0,2046.47,1.669837005,14.63686164
86,2,138867.0,781.04,2.843268716,15.08562088
87,1,155767.0,764.71,3.89702951,16.53267729
88,1,263674.0,1325.92,3.549584495,15.85460191
89,2,254914.0,1335.54,3.037886624,15.8563185
90,1,164479.0,1146.71,4.302968462,16.82253535
91,1,364396.0,2029.53,3.000760093,15.48033353
92,2,265941.0,1835.33,4.512526902,15.97586033
93,1,365978.0,2231.57,1.098472101,13.44073197
94,1,268006.0,1686.55,3.966366242,16.42475563
95,2,257827.0,1786.69,3.379172503,15.72408976
96,1,147205.0,856.66,3.852496925,16.40115528
97,2,138594.0,673.62,3.149794452,15.68100993
98,1,138365.0,667.37,2.932482653,16.12465678
99,2,125040.0,736.33,2.019165729,15.14805112
100,2,259835.0,1933.21,2.957066271,15.63889522
101,2,230248.0,856.32,2.275076661,13.96063359
102,2,374212.0,2220.85,2.945023779,15.43253648
103,1,159289.0,873.72,4.387908863,16.5845956
104,1,166569.0,716.17,4.414016868,16.96013966
105,1,267277.0,1189.7,3.728062195,15.9616915
106,2,237829.0,1440.64,1.468453998,13.44781535
107,1,255466.0,1795.17,1.103525233,13.83268377
108,2,354444.0,2379.93,1.929073222,15.15473667
109,1,353652.0,2142.63,2.067917575,15.41332677
110,1,377048.0,2516.12,2.986351487,15.35779044
111,2,129060.0,874.96,2.817861338,15.53797277
112,2,236728.0,1345.92,0.477856974,11.93577568
113,2,356041.0,1976.85,0.796431338,13.33951499
114,1,359440.0,2089.82,1.524888114,13.32271516
115,1,371905.0,2467.66,1.544915627,13.45916491
116,1,358837.0,2184.0,1.288617299,13.25890985
117,2,246308.0,1599.39,1.692711358,13.14208254
118,2,355465.0,2127.39,0.152114955,12.68951451
119,2,114947.0,1078.26,1.539596622,13.34364522
120,2,354335.0,2421.44,1.95007821,13.41762084
121,1,268288.0,1829.82,4.438234659,16.83832872
122,1,148776.0,1067.18,3.494258692,15.65785585
123,2,273729.0,2453.05,3.892431301,15.95643169
124,1,133155.0,688.68,1.743054678,15.09421824
125,2,252229.0,1419.2,3.036139711,14.28992389
126,1,356579.0,2257.67,1.741117911,13.07511626
127,2,357721.0,1783.24,0.860867484,13.29012812
128,2,257455.0,1906.02,3.241763709,15.36889854
129,1,149734.0,917.89,4.504388797,16.21640178
130,2,358458.0,2223.24,0.311760502,12.28284824
131,1,368746.0,2187.51,1.798232602,15.2981995
132,1,145306.0,1109.46,1.076875425,14.15541812
133,1,248611.0,1705.9,1.490290945,14.3813462
134,1,272686.0,2473.86,3.85015591,16.24429445
135,2,139208.0,1011.48,3.245432694,15.66692184
136,1,156338.0,637.6,4.736680902,17.27728334
137,1,359795.0,2166.83,1.525997073,13.86075055
138,1,380591.0,2389.92,3.717329666,15.45141481
139,1,351823.0,1890.53,0.712871626,12.89829829
140,1,355155.0,1855.23,0.491756611,13.06858348
141,1,136567.0,784.63,2.902081171,16.24843116
142,1,370428.0,2150.18,2.959359986,15.87964963
143,2,129919.0,1012.78,2.100945436,13.95838761
144,1,139245.0,646.23,3.003354011,15.56686002
145,1,159048.0,981.14,3.90326957,15.9664319
146,2,237753.0,1336.17,1.893226376,14.54801924
147,1,373208.0,2156.08,3.094316944,15.59585388
148,2,246373.0,1510.73,2.759576128,13.92039693
149,2,247838.0,1744.02,3.376213561,15.73399688
150,2,139950.0,736.15,3.879251311,15.55337009
151,2,135540.0,703.96,1.680615353,14.36831012
152,1,125771.0,728.81,2.948528068,15.55375843
153,1,381971.0,2421.5,3.670098498,16.00250942
154,1,143138.0,1108.05,3.858240883,16.66790179
155,1,260990.0,1406.03,1.553375274,14.79794416
156,2,351102.0,1936.84,0.741190819,12.5640388
157,1,150334.0,767.41,4.045301282,16.6810309
158,2,228935.0,1369.25,2.027702549,15.0699919
159,2,247467.0,1754.62,3.130760697,15.84428183
160,2,372555.0,2522.58,3.742152788,15.64351096
161,1,146813.0,586.86,3.059614949,16.63845474
162,3,126354.0,975.96,2.001605209,14.65210617
163,2,114947.0,779.45,2.516334162,13.54425387
164,1,253796.0,1875.8,3.569156284,16.39403576
165,2,260097.0,1976.87,3.224866889,15.61460929
166,2,353207.0,2344.03,1.259891306,13.16639484
167,1,156352.0,752.99,3.916672949,16.23259515
168,1,145613.0,752.75,2.823018848,15.52874358
169,1,137459.0,774.58,2.894939703,15.27808411
170,1,134385.0,586.86,3.758703768,15.95767441
171,1,154542.0,1074.04,3.902189216,16.82975402
172,1,373757.0,2271.39,2.090569347,13.67751322
173,1,265508.0,2158.58,3.894476036,15.80935013
174,2,136438.0,969.7,2.125165648,14.03496728
175,2,118561.0,662.29,2.051888191,13.64460773
176,1,144078.0,831.34,3.034482745,15.84177902
177,1,270061.0,1860.04,4.627502511,16.73877864
178,2,119578.0,734.66,0.657995611,13.0079941
179,2,234800.0,1321.84,1.179982761,13.7099741
180,1,261103.0,1917.8,3.98120272,16.33981073
181,1,387472.0,2296.82,3.641315138,16.26989521
182,2,132135.0,1456.85,3.295627603,15.89304335
183,2,337739.0,2321.63,1.091560426,11.85877518
184,4,356359.0,1986.63,2.239905705,13.56994442
185,1,263627.0,1265.64,3.794209267,15.70924105
186,1,266044.0,1511.47,4.481613695,16.32910135
187,1,149070.0,775.84,3.296658454,16.20498528
188,1,257588.0,2208.72,3.892465215,16.17345647
189,2,246504.0,1105.89,2.282551077,14.70450961
190,1,132807.0,668.12,2.973360581,15.02083215
191,1,372151.0,2274.28,2.135122379,15.17975436
192,1,381094.0,2426.75,1.953012269,13.77181663
193,1,275463.0,2284.88,3.581773984,16.06765093
194,2,135659.0,824.14,1.598667867,13.33191835
195,1,374491.0,2534.29,2.609603089,15.7738532
196,1,135835.0,859.79,2.70749534,16.26910723
197,1,389099.0,2502.82,1.721793853,13.90596336
198,2,139975.0,818.5,2.391492597,15.48341061
199,1,382118.0,2340.15,3.465585875,15.4353071
200,1,160457.0,586.86,4.082226621,17.69359361
201,1,366439.0,2276.67,1.515435901,13.55219127
202,2,240064.0,1528.36,2.182147104,14.95242062
203,1,351815.0,2149.86,0.756246482,11.61966705
204,2,227118.0,1131.45,1.533329339,13.29712261
205,1,156119.0,764.33,4.252045834,16.44745049
206,1,148029.0,976.54,3.955962769,15.99697243
207,1,120652.0,701.84,2.629423127,13.5182036
208,1,364864.0,1873.7,2.090399694,13.53334374
209,1,371110.0,2428.84,1.625871454,14.17430102
210,1,252447.0,1743.12,3.678195822,15.85646429
211,4,365618.0,2440.51,2.570545671,15.29352343
212,2,361600.0,1989.4,2.740219333,15.18581626
213,2,136295.0,934.06,3.877025753,16.81580817
214,1,155073.0,1551.46,3.959278349,16.48988769
215,2,133003.0,830.59,1.108197867,12.9592459
216,1,135885.0,846.88,3.035021197,15.61660637
217,1,157264.0,696.24,4.564944307,17.41652325
218,1,260208.0,1835.09,3.51006975,16.16556284
219,2,239436.0,1494.71,1.533806091,13.12234679
220,1,278678.0,1475.07,4.574295531,16.46064145
221,1,270602.0,2077.84,4.019618953,16.53380491
222,1,254311.0,1311.64,3.082341567,16.00212566
223,1,266211.0,1946.28,2.935869785,15.48490061
224,2,242603.0,1267.77,1.198192568,12.94504996
225,1,151475.0,924.67,3.85394872,16.35722021
226,1,357435.0,1679.58,0.831421217,12.67540918
227,1,374207.0,2294.2,2.620726565,15.30108198
228,2,368572.0,2383.4,1.652002045,13.91187242
229,2,245392.0,1343.58,1.698897085,13.22439248
230,1,266357.0,1817.25,3.895583085,16.41896291
231,2,234998.0,1152.27,2.271900146,13.91913617
232,2,239720.0,1079.83,1.450788252,13.33595047
233,1,358570.0,2211.85,1.735520303,12.84886773
234,2,120503.0,680.83,2.815815555,15.42378695
235,2,257905.0,1419.93,3.0948897,14.88382163
236,1,249184.0,1732.09,2.45401634,15.57336285
237,1,142327.0,660.33,3.054118857,15.98968088
238,1,356730.0,1792.67,0.368759737,12.73248105
239,2,346534.0,2354.1,2.455070228,14.20649383
240,1,380550.0,1850.56,3.668168717,16.24694422
241,1,153157.0,1353.32,3.759976616,15.54311917
242,2,240041.0,1272.45,0.963481423,13.57307727
243,2,121561.0,721.02,2.191671699,15.61467765
244,1,141298.0,867.87,2.010443102,15.19148578
245,1,142872.0,898.16,3.543934205,15.91859259
246,1,153531.0,1384.09,3.634071455,15.92776696
247,1,146573.0,877.22,3.480270314,16.10653879
248,2,360354.0,1785.05,1.157741362,12.937345
249,2,135363.0,1309.23,1.299151041,13.70384246
250,1,359089.0,2280.24,1.899199868,13.5961163
251,1,154389.0,1428.37,3.785326616,16.24471079
252,2,227951.0,1231.95,2.772104678,15.41343013
253,2,336164.0,1941.66,1.283669722,12.71312781
254,1,261301.0,1250.86,3.637731799,16.93318773
255,2,357421.0,1571.96,1.555604852,14.43569867
256,1,377053.0,2154.44,2.932637818,14.21476805
257,2,134659.0,1287.8,1.660643547,14.03662849
258,1,260293.0,1696.64,1.521159082,14.17660457
259,2,115873.0,586.86,1.846735304,13.61826026
260,1,256343.0,1888.52,1.055556413,12.99854254
261,2,256834.0,1820.53,3.201008484,15.71805859
262,1,260233.0,1802.29,3.687869891,16.14496851
263,2,338858.0,2308.26,0.539730425,11.82418107
264,2,230246.0,1348.58,2.204417832,14.10083341
265,2,257502.0,1772.98,1.978483133,14.45877861
266,1,263088.0,1468.74,3.675932852,16.38069
267,1,367945.0,1858.38,3.883370339,16.21280021
268,2,140972.0,725.15,2.527133095,15.85756653
269,2,361665.0,1906.02,2.052782527,15.53546075
270,1,150998.0,696.89,3.026329663,15.80399048
271,2,350819.0,1888.06,1.762992584,12.38221641
272,1,156093.0,880.03,3.955736129,16.47482012
273,1,152600.0,1520.77,4.375820802,17.12973045
274,2,240669.0,1858.24,1.718519897,13.72293681
275,1,371742.0,2420.52,3.053981737,15.64737879
276,1,357382.0,1848.81,-0.059600205,12.06769088
277,2,249945.0,1879.45,2.968456465,15.82614104
278,2,126640.0,665.68,1.993215762,14.66309713
279,1,253477.0,1278.42,2.183617881,15.23357508
280,2,121835.0,862.39,2.0811408,14.90645661
281,1,272189.0,2006.55,4.192768612,16.17728972
282,2,243748.0,1345.83,1.286723315,13.1393008
283,1,355893.0,1836.36,0.621301404,12.22934477
284,1,263043.0,2306.68,3.898334485,16.04475078
285,2,250669.0,1953.02,3.42071789,15.54527329
286,1,278292.0,1825.15,4.490022377,16.15023383
287,2,363600.0,2024.16,2.265608817,14.98973071
288,1,259725.0,1386.1,3.208319232,14.55117547
289,1,266376.0,1849.73,4.251451036,16.25415483
290,1,143553.0,646.62,3.274533613,16.28488411
291,2,118082.0,812.63,2.27154672,13.52168412
292,2,135399.0,806.57,2.607030464,15.99119876
293,1,253925.0,1245.49,2.836230178,15.35221999
294,1,283316.0,2563.34,4.550016767,16.50699109
295,1,148669.0,683.17,3.765188051,17.2930552
296,2,240255.0,1192.06,1.264293994,13.25884574
297,4,355273.0,2224.06,2.36520097,15.000275
298,2,253121.0,1111.36,2.984665559,15.40257762
299,1,145973.0,697.38,2.95720259,16.33147606
300,2,114947.0,865.64,1.492160999,12.93232223
301,2,359901.0,2091.58,1.470991938,13.95212552
302,1,155015.0,1097.66,4.471351336,16.48370418
303,1,361807.0,2195.97,0.504914581,12.59805286
304,1,262796.0,1406.67,3.459118942,15.9877016
305,2,335856.0,2334.09,1.284039635,13.11434487
306,2,116679.0,691.13,1.225178314,13.27524755
307,2,232597.0,1795.96,0.744357847,12.93188521
308,2,351255.0,2252.42,2.363417684,14.25532497
309,1,144689.0,801.72,3.102442235,16.37019435
310,1,376534.0,2257.29,1.804710891,14.33055686
311,1,156218.0,722.61,3.872958635,16.71809237
312,1,164129.0,859.09,3.711204505,16.11433981
313,1,141724.0,944.44,2.988151542,15.30271494
314,2,340662.0,2064.3,0.217395584,12.61955449
315,1,133831.0,819.58,2.96269037,15.75034179
316,2,136562.0,746.94,2.812865036,15.9637699
317,1,162691.0,731.87,3.862774129,17.25009717
318,1,242343.0,1094.13,2.053372414,15.27399431
319,1,365316.0,2363.08,2.382727191,15.4206693
320,1,354752.0,1778.22,1.295479209,13.02975312
321,1,246871.0,1243.24,1.574591329,13.67658909
322,1,369665.0,2192.27,2.382367724,15.6808521
323,1,156270.0,747.24,3.544285207,16.71489025
324,2,362197.0,1853.96,2.044665317,15.53806597
325,1,151540.0,1401.87,3.98649723,16.27994267
326,1,360164.0,2219.34,1.928438061,15.01731844
327,1,160220.0,772.41,3.569155465,16.53532417
328,1,255526.0,1478.55,1.544698927,13.69639657
329,2,233984.0,1231.54,1.734878058,15.01055363
330,1,144005.0,715.62,2.762595005,15.5293734
331,1,131377.0,586.86,2.762438068,16.1232172
332,0,389090.0,2395.51,3.594976811,16.24375104
333,2,240577.0,1325.62,2.079743284,15.03428662
334,1,150980.0,1402.11,3.356145768,15.28179817
335,2,341432.0,1882.96,0.693931328,12.17185803
336,1,152982.0,1261.45,4.007428895,16.52133401
337,1,136355.0,854.73,3.076978146,15.80122752
338,2,120884.0,737.58,2.136147799,15.33810345
339,2,346371.0,2207.97,0.722595635,13.73624143
340,2,250028.0,1615.64,2.079082128,15.21788687
341,1,365080.0,1818.39,1.929252046,15.47561928
342,1,260649.0,1852.51,2.145018267,15.70193853
343,1,132287.0,879.33,3.179962848,15.91024051
344,1,353780.0,1833.49,0.461394848,12.96308125
345,2,360571.0,2266.95,2.877989012,15.44786541
346,1,350817.0,2353.97,1.863399279,13.11758102
347,1,155556.0,1329.73,4.494672158,16.72720924
348,1,262546.0,1813.37,3.147713031,15.89731048
349,1,356847.0,2349.65,1.07751625,12.74592449
350,1,376947.0,2441.4,1.371272449,13.97674397
351,2,347930.0,2302.83,1.732133796,12.63975366
352,1,377264.0,2226.82,3.356995512,16.14644391
353,2,235440.0,1474.02,2.202547768,15.12410747
354,1,143659.0,586.86,2.678009744,15.55274933
355,1,266385.0,1701.04,3.626834174,16.34503475
356,1,361316.0,2340.9,1.214351333,13.02603355
357,2,128861.0,705.69,2.743752864,15.42265014
358,2,114947.0,803.56,1.449654635,12.40615466
359,1,156259.0,643.06,3.612344435,16.90950941
360,1,376148.0,2178.38,1.91389266,13.93595526
361,1,355058.0,2099.46,0.171232741,11.95593547
362,2,123960.0,863.19,-0.001780734,11.50072208
363,2,236452.0,1293.88,1.354896725,12.61574056
364,2,240631.0,1767.86,2.016575244,14.90956659
365,1,364824.0,2322.75,2.975250969,15.42314039
366,1,380034.0,2393.79,2.936462507,15.74113241
367,1,255938.0,1483.56,3.611504228,15.51881329
368,1,169174.0,1200.77,4.412041761,16.54985536
369,1,374079.0,2153.01,2.979672675,15.70172641
370,1,363947.0,2171.84,0.818562812,12.73826046
371,1,156835.0,749.35,4.584020545,16.84232215
372,2,258754.0,1887.99,3.856035643,15.85888392
373,1,252316.0,1315.65,1.168016629,13.81963429
374,1,355307.0,2187.63,2.214970123,13.95310608
375,2,343905.0,2534.1,0.519324085,11.98115043
376,1,357879.0,2104.09,3.067154266,15.41129873
377,1,368352.0,2096.84,1.937550326,15.10344766
378,1,364958.0,2144.06,1.91582069,12.9892129
379,2,135898.0,624.0,1.644707445,14.88533475
380,1,142113.0,914.46,3.592599435,15.91754731
381,1,166353.0,1325.22,4.706323636,16.89374379
382,1,273626.0,1849.32,4.221937578,16.20823564
383,1,142673.0,921.58,3.976292763,16.65440163
384,1,153023.0,875.42,4.430330425,17.05641099
385,2,350189.0,2281.11,1.707019172,13.03266959
386,2,243484.0,1537.68,2.098830336,15.17848899
387,1,264725.0,1797.17,4.93924406,16.81660528
388,2,355727.0,2102.79,1.866971976,13.61169336
389,2,244104.0,1555.63,1.207042469,13.872123
390,2,243479.0,1782.63,1.901112204,13.31723164
391,2,242735.0,1442.75,1.772822677,13.14579797
392,1,146868.0,795.18,2.72064443,13.91746851
393,1,142367.0,615.88,3.092165605,16.48478655
394,1,147207.0,1617.33,3.779597494,16.71741717
395,1,145610.0,1215.03,3.367539183,16.06190677
396,2,125013.0,724.93,0.910808092,12.75499592
397,1,377469.0,2227.0,3.735607547,15.9824987
398,3,348511.0,2300.03,1.615924497,14.03853677
399,1,141181.0,883.12,3.275794003,15.49533626
400,2,251647.0,1823.95,2.808317264,15.25554706
401,1,146127.0,1404.78,3.923539403,15.83035366
402,1,257698.0,1775.79,3.164658835,16.00121087
403,2,248510.0,1647.5,1.650660652,13.43617134
404,2,225536.0,757.62,0.471025009,12.80899754
405,1,150234.0,621.62,3.187170678,16.6002061
406,2,238499.0,1491.53,1.559226701,12.58147301
407,1,359304.0,1900.99,0.740983519,13.78251912
408,1,361923.0,2156.73,2.355171831,15.1799115
409,2,352455.0,1999.12,1.954569351,13.10350889
410,1,256336.0,1731.0,3.82776704,16.02224087
411,1,360395.0,2179.23,1.530744951,13.75988799
412,1,252918.0,1883.89,2.19955831,14.98516015
413,2,243410.0,1348.72,3.094138034,15.35280158
414,1,264395.0,1297.2,3.708689566,16.78565947
415,1,362477.0,2268.85,2.122126127,13.30451896
416,1,269243.0,1967.33,3.603277744,15.70499327
417,2,372738.0,2466.18,1.995476402,15.20199831
418,2,240823.0,1692.22,0.856788613,12.56067831
419,1,268375.0,1904.49,4.010035132,16.26655172
420,1,365089.0,2160.03,1.927379237,13.87166773
421,2,354870.0,2269.69,1.72240693,13.73117254
422,2,351092.0,1891.71,0.388089853,12.35887082
423,1,263025.0,1385.47,3.66165621,16.36176404
424,1,163954.0,894.39,3.821054201,16.8416872
425,2,234536.0,1165.01,0.228287998,12.58970627
426,2,144656.0,757.26,3.657507931,16.12131954
427,1,241606.0,1426.99,0.923396489,13.24718942
428,1,361296.0,2332.96,1.337171626,13.3682296
429,1,357395.0,2285.46,1.951107348,13.44042437
430,2,121760.0,811.24,1.609226454,13.64500268
431,1,150824.0,757.25,3.689560736,16.49437331
432,2,138000.0,685.97,2.526902836,15.4773816
433,1,147087.0,746.18,2.860454683,15.53881793
434,2,140086.0,1103.3,2.233132636,15.72190306
435,2,355066.0,1850.87,1.885221029,14.96428379
436,1,153579.0,1405.75,3.092804774,15.83155641
437,1,139216.0,808.51,3.914044652,16.4833266
438,1,148687.0,639.77,2.831619042,15.54318417
439,1,151128.0,719.87,3.669387966,15.5637348
440,1,147651.0,1327.49,3.821035707,16.67371399
441,2,235377.0,1470.47,2.368484947,15.20968966
442,2,114947.0,763.41,1.07708419,13.0386977
443,2,357436.0,1878.09,1.857992534,14.62424602
444,2,357664.0,1958.66,1.904880883,14.99178251
445,2,258692.0,1772.52,3.059894308,15.34011003
446,1,159078.0,1335.49,4.365136691,16.60915797
447,2,141126.0,813.63,3.488391854,16.05054229
448,2,348862.0,2186.61,1.149476516,12.63339708
449,2,241653.0,1713.45,2.851041771,15.16032214
450,1,153918.0,691.31,3.067187023,14.77059789
451,1,141922.0,634.06,2.595725689,15.30291471
452,1,349639.0,1983.16,0.993725875,13.03265381
453,1,161685.0,866.21,4.303120274,16.7494381
454,0,386302.0,2823.12,3.495305122,16.04076752
455,2,253956.0,1287.0,2.879595897,15.76486185
456,2,132484.0,785.64,1.755680989,15.01978507
457,1,131680.0,586.86,1.607584243,14.54092533
458,1,146992.0,685.87,2.933360953,15.69112708
459,2,129300.0,586.86,1.688775894,14.68119573
460,1,384536.0,2545.53,3.599235584,15.58355194
461,1,155105.0,1224.58,3.75909328,16.06518852
462,2,135434.0,833.0,1.248361676,13.59380705
463,2,256695.0,1549.17,2.404804374,15.3250157
464,1,373882.0,1860.67,2.998535769,15.55045769
465,2,141187.0,966.04,2.863555835,14.20119034
466,1,371869.0,2280.8,2.641443436,15.89432754
467,1,369789.0,2271.65,1.898803605,13.70239329
468,1,143072.0,1202.5,3.93382037,15.52567144
469,2,354600.0,1870.92,1.637941932,13.40595846
470,2,142944.0,1516.24,3.213007276,16.10352313
471,1,350435.0,2084.12,0.908040087,12.62807811
472,1,360062.0,2123.83,2.174691733,13.7073706
473,1,145381.0,868.19,3.094821005,15.91261236
474,1,361837.0,2348.43,1.590812543,13.43731159
475,2,257888.0,2030.29,1.889858699,13.97647544
476,2,248903.0,1261.41,1.815343803,14.14802403
477,2,130313.0,914.05,1.420682489,13.16383576
478,2,233803.0,1337.32,1.772200956,13.51748386
479,2,254430.0,1545.88,2.015267865,13.89406594
480,1,149574.0,1455.45,4.761929859,16.49325545
481,2,136988.0,975.92,2.988342376,15.63982361
482,1,376382.0,2471.76,2.985186658,15.48656378
483,1,362489.0,1927.45,-0.073345696,11.99143745
484,2,227308.0,1529.93,1.541448445,13.47800469
485,1,366735.0,1888.68,1.517017954,14.35977906
486,1,138925.0,797.87,2.95797182,15.81016158
487,2,251761.0,1500.01,2.627532338,15.59507197
488,1,392282.0,2287.88,3.764248358,16.51181994
489,1,159763.0,1199.02,4.564504394,15.76439593
490,1,256377.0,1674.66,3.649261526,16.11874084
491,1,150325.0,744.27,2.956058108,15.89131743
492,2,352382.0,2010.48,1.713460867,13.39208605
493,2,354370.0,1796.83,0.721385097,12.36647028
494,1,166368.0,1373.17,4.572202842,16.78352268
495,1,253002.0,1289.49,2.767586033,15.6180499
496,1,162967.0,962.24,3.858638144,16.21939902
497,1,157283.0,827.68,3.626072981,16.30063408
498,1,361613.0,2253.97,1.923384802,13.23378516
499,2,252554.0,1379.34,2.02941491,15.05451074
500,2,147472.0,1514.13,3.334509853,15.52088766
501,1,362759.0,2095.21,3.067880407,15.46838144
502,2,143810.0,727.26,2.545582522,15.23872459
503,0,383794.0,2341.22,4.122841807,16.30052096
504,1,149020.0,710.86,3.153782197,15.60554876
505,2,244366.0,1282.94,2.009537193,14.00589797
506,1,372851.0,2312.79,2.144095444,15.32740151
507,2,247118.0,1739.28,3.163316167,15.5893159
508,2,138740.0,842.69,2.935421987,15.1195623
509,2,235371.0,1285.53,2.992605011,15.33565932
510,1,138821.0,725.03,2.926397397,15.37658596
511,1,159165.0,785.67,3.895021175,16.99550279
512,1,134806.0,849.79,3.218833972,15.79711105
513,2,125833.0,803.33,1.163079955,13.48549026
514,1,142690.0,695.13,2.97496032,15.13981117
515,1,162925.0,682.81,3.591856853,16.30359327
516,2,125233.0,848.49,1.750324655,14.93059231
517,2,332850.0,1868.15,0.916773684,12.0693461
518,2,238846.0,1684.49,2.69323175,15.45409381
519,1,260198.0,1268.63,3.899636718,16.47391354
520,1,254837.0,1336.36,2.731817322,14.94099701
521,2,138735.0,900.92,3.169752457,16.32471078
522,1,361813.0,1722.78,1.040869776,13.56352127
523,1,251902.0,1692.5,1.540690981,13.7896189
524,1,158320.0,786.22,4.728182743,16.3801243
525,2,126722.0,655.65,2.383595533,14.83262496
526,1,382101.0,2371.21,3.754064975,16.14227742
527,1,158710.0,1220.77,3.55950553,15.7388738
528,1,342478.0,2074.12,1.395278923,12.20408757
529,1,373208.0,2372.17,3.07512932,15.65908631
530,2,238025.0,1187.61,3.100070829,15.67343125
531,1,147690.0,591.39,2.984475618,14.78096279
532,1,161959.0,1471.99,3.981842668,16.55792135
533,1,351277.0,2344.12,1.179182174,13.18140099
534,1,248788.0,1463.66,1.435492306,14.05710445
535,1,366375.0,1952.19,2.792759899,15.70503676
536,1,145042.0,586.86,3.021156261,16.14644766
537,2,124894.0,876.73,2.044704241,13.55655217
538,2,352575.0,2211.9,1.727463297,14.92748076
539,2,130141.0,704.49,2.190211173,15.36719318
540,1,257986.0,1226.9,1.922997785,14.33053192
541,1,154177.0,832.55,2.908750039,15.8555196
542,2,347152.0,2295.43,2.368406707,13.6759875
543,1,150192.0,964.87,2.846499687,15.36808785
544,1,158106.0,586.86,3.592542685,16.50694503
545,2,142084.0,1532.37,2.858279558,13.99408259
546,2,355243.0,1814.38,1.605294326,13.77910681
547,2,124000.0,696.94,1.570283106,13.41572948
548,2,350763.0,1889.47,1.239921763,13.29278443
549,1,252167.0,1412.89,2.761264772,15.25672052
550,2,351947.0,2310.05,2.514394076,15.22667542
551,1,136743.0,621.53,2.75942184,14.99143143
552,1,255400.0,1836.98,3.08609161,15.44441575
553,1,349861.0,2010.99,0.67815701,12.05269447
554,1,139562.0,1483.27,2.029270363,15.34598452
555,1,165132.0,686.49,3.793838255,16.91945848
556,1,245342.0,1126.33,1.482537765,13.13212647
557,2,223378.0,996.47,1.772193306,13.40410831
558,1,384848.0,2571.82,3.743446581,16.25939443
559,2,118132.0,1005.83,1.649797468,13.32915906
560,1,389155.0,2193.19,4.43743883,16.3848434
561,1,256580.0,1440.16,1.971260316,13.84853632
562,1,150181.0,675.82,3.566712344,16.21061797
563,1,155739.0,625.79,3.754457806,16.41010236
564,1,359951.0,1740.33,1.327522488,13.02002454
565,1,137697.0,966.76,1.264595472,14.17019413
566,2,132529.0,841.32,3.406470749,15.73605517
567,1,156526.0,840.87,4.759317883,17.49786866
568,1,368876.0,2291.71,2.243260221,15.93218019
569,2,242594.0,1340.66,1.387626271,13.89561625
570,2,364082.0,1840.41,1.878610496,14.71414424
571,2,131965.0,724.76,2.905668983,15.16748679
572,1,176552.0,1081.22,4.93924406,17.58301702
573,1,141671.0,867.9,3.258634015,16.53052559
574,2,121540.0,775.44,2.091565215,14.03664186
575,2,250393.0,1219.18,3.196656408,15.61208226
576,1,157524.0,966.73,4.516034535,16.78464008
577,2,237895.0,876.98,0.725880801,12.54387722
578,1,142917.0,1517.4,3.10127194,15.5503637
579,2,248547.0,1471.62,3.660936302,16.02312442
580,4,360785.0,2202.68,2.302676214,14.16319193
581,1,372505.0,2334.19,1.946022495,13.97331367
582,2,136045.0,800.76,1.475304594,13.77605895
583,2,128888.0,651.84,1.843657315,13.82301832
584,1,150356.0,1245.22,4.470261152,16.65289306
585,1,374583.0,2132.34,3.480663786,15.84972893
586,1,147451.0,1165.02,3.437154701,15.87289093
587,2,341147.0,1881.35,1.308034004,12.9077625
588,1,383162.0,1890.17,2.969034969,15.68218883
589,1,163502.0,672.18,4.260780803,16.3201812
590,2,146055.0,1026.75,3.61722347,15.62804056
591,2,127532.0,1157.39,2.429526842,15.45744949
592,2,136080.0,816.81,2.995069428,15.87031588
593,2,258750.0,1400.16,3.041108758,15.58571104
594,2,123212.0,977.33,2.23825638,15.02997556
595,1,160673.0,898.83,4.882038973,16.59780643
596,2,342893.0,2217.72,1.903713234,13.3377201
597,2,232143.0,1435.39,1.931262838,13.6518236
598,1,150716.0,1096.82,4.04293563,16.44630444
599,1,374452.0,1789.54,2.064349356,13.85479557
600,1,368015.0,2447.7,2.105347617,14.99483508
601,2,136831.0,671.01,2.824512872,15.64357142
602,2,350731.0,1973.4,1.188206738,13.50917264
603,1,160632.0,1213.58,4.511622598,16.6371053
604,2,362399.0,1840.95,2.901633703,15.46949348
605,1,379401.0,2518.9,2.107181464,15.36105862
606,1,373287.0,2317.99,3.252155224,15.6100605
607,2,249719.0,1635.38,2.365956947,14.81563371
608,0,395605.0,2534.19,4.25050962,16.06917551
609,1,163478.0,1188.29,4.626280276,16.52157418
610,1,157448.0,640.22,3.828539962,16.69555409
611,1,158154.0,693.96,3.963776062,16.12779004
612,2,138742.0,1477.6,3.268825515,15.96200466
613,2,257393.0,1698.8,3.03569354,15.81853534
614,1,141909.0,714.92,3.266251124,16.24677496
615,2,243405.0,1456.97,1.902883906,14.07154918
616,1,149517.0,812.39,3.740925587,16.43913596
617,2,228377.0,1509.3,2.036514538,13.55135526
618,1,355670.0,1989.93,2.479072032,15.06145783
619,1,360177.0,1896.54,1.925265692,15.27572768
620,1,360659.0,2082.68,1.467417543,13.48046831
621,1,273285.0,1208.12,3.84850405,16.16056391
622,1,255025.0,1944.55,3.519146183,15.81534533
623,1,267466.0,2443.83,4.339205841,16.50181728
624,2,346366.0,1751.11,0.704632801,13.75675509
625,2,249910.0,1796.28,3.696826262,16.1212756
626,1,135802.0,918.48,3.054008026,15.81787875
627,1,262676.0,1876.15,3.617846227,15.91673778
628,1,149001.0,777.26,3.514163579,17.2595375
629,1,267551.0,1777.79,3.665411057,15.88052739
630,1,350043.0,2266.39,1.321818557,12.54461516
631,1,379912.0,2493.1,3.08935942,16.03118577
632,1,370700.0,2270.81,1.779310468,12.64231507
633,2,141063.0,1131.72,1.189503672,14.01233922
634,2,250954.0,1255.96,1.731608918,13.90896928
635,2,253943.0,1964.97,3.189615982,15.40863374
636,1,361893.0,2243.89,1.494132925,12.62846603
637,2,246688.0,1275.96,2.87060592,15.65352865
638,1,264438.0,1231.48,4.273865352,15.85000104
639,2,119417.0,854.37,0.809727278,13.1480706
640,2,137010.0,761.36,3.072560633,15.67856484
641,1,371382.0,2257.13,2.032664065,15.1896789
642,2,354785.0,1817.21,1.202067036,13.49903001
643,1,133248.0,618.64,2.835471377,15.37076616
644,1,372638.0,2393.71,2.429193104,15.50563172
645,2,137651.0,733.5,3.097730005,16.06084319
646,2,254145.0,1507.63,1.797641443,14.69595249
647,2,257457.0,1279.31,2.994080311,15.52392824
648,2,247677.0,1472.12,2.315096668,15.41056772
649,1,368436.0,2281.77,3.00019029,15.29917088
650,2,346065.0,1963.27,2.121036184,13.41867642
651,2,140678.0,1221.51,2.891277932,15.56641139
652,2,123587.0,977.4,1.985284824,13.66876975
653,1,150514.0,818.82,3.948198045,15.95143702
654,1,141704.0,773.88,3.302619908,16.21709892
655,1,373732.0,1857.1,3.549070836,15.53073842
656,1,267790.0,1538.84,3.4069159,14.19270375
657,1,358374.0,2083.44,1.239434272,13.2634242
658,2,124720.0,813.99,1.56133678,14.03510628
659,1,256854.0,1772.82,3.748330677,16.43901316
660,2,131475.0,627.62,2.439707702,15.85683019
661,1,157331.0,730.31,3.321866795,17.13494569
662,2,119880.0,803.09,1.382538968,13.87436943
663,2,242045.0,1694.33,2.167724605,15.43578806
664,1,162682.0,1418.96,4.278393201,16.29747481
665,2,133420.0,1180.2,1.668592409,15.37150218
666,2,236146.0,1283.32,1.965893956,13.32293131
667,1,267439.0,1619.3,4.224121077,16.02850351
668,1,152954.0,780.86,4.618299296,17.18067616
669,2,362073.0,1811.2,3.084263118,15.78042584
670,2,347935.0,2428.84,1.201907371,11.724572
671,2,355189.0,2134.87,1.139893088,13.42517371
672,2,361524.0,1920.03,2.524464021,14.40684304
673,2,140861.0,772.2,1.803946891,14.78661625
674,2,226428.0,1402.11,0.392491248,12.85563967
675,1,146661.0,651.57,3.840041942,16.17279565
676,1,133591.0,976.55,3.021722567,15.68012933
677,2,128111.0,840.3,2.970660978,14.29085931
678,1,127669.0,653.15,2.571671524,15.76729333
679,2,254468.0,1883.31,3.679199979,15.70668219
680,2,239080.0,1764.1,1.664942942,12.8262033
681,2,359529.0,1778.31,1.486731898,14.70918758
682,1,379517.0,2243.94,4.362514305,16.14416086
683,1,153931.0,656.8,3.72196147,16.12489379
684,1,248439.0,1812.44,2.646417348,14.96625706
685,1,367364.0,2169.37,3.072831316,16.002901
686,1,130543.0,717.35,2.985470436,15.44717454
687,2,126098.0,1228.94,1.868571303,13.7965932
688,2,125417.0,709.94,2.403554239,15.04288384
689,2,372455.0,2441.47,3.125160924,15.73109496
690,2,257488.0,1756.52,2.058745413,15.40266817
691,2,229902.0,902.22,2.497173839,15.08444054
692,1,364807.0,2416.75,2.143577727,14.84722733
693,2,249378.0,1870.97,3.142030875,15.51926494
694,1,150763.0,864.9,3.211191578,16.08527916
695,1,355769.0,1764.84,1.979107419,13.42388581
696,1,269998.0,1248.43,4.264807824,16.37050378
697,2,238896.0,1832.61,1.041343914,12.67719006
698,1,152896.0,955.28,3.249579333,16.00366064
699,1,380244.0,2613.48,2.91881016,15.40107525
700,2,140116.0,1234.53,3.108423948,15.48501371
701,2,232371.0,1543.72,1.235831403,14.28701994
702,4,359438.0,2170.28,2.042331836,15.42820302
703,2,243239.0,1749.45,1.505175084,13.63364509
704,1,354641.0,1804.72,0.946811813,13.24129589
705,1,130552.0,610.2,1.573053526,14.68751412
706,1,143884.0,1166.72,3.751474636,15.84924601
707,1,344939.0,1853.11,1.256691033,12.85722205
708,1,269763.0,1880.48,3.484665131,15.89669155
709,1,148892.0,797.96,3.662903043,16.21778643
710,1,352652.0,2393.89,1.394849536,12.6243299
711,1,262579.0,1871.61,4.388014342,16.38384114
712,4,357825.0,2144.15,2.591095774,15.43767352
713,1,267467.0,2335.29,3.809597263,16.01856426
714,1,127235.0,734.23,2.99902698,15.66965406
715,1,259535.0,1743.23,3.836621361,15.73151536
716,1,256048.0,1584.07,1.545222818,13.66066263
717,1,153346.0,1332.94,3.361176225,16.04492191
718,1,375289.0,2568.23,2.125214441,13.58530098
719,1,379838.0,2168.04,2.995523797,15.3621602
720,1,145486.0,1315.75,3.869487731,16.8382312
721,2,237129.0,1216.6,1.341446741,13.69309253
722,1,153441.0,955.71,3.742654244,16.52008924
723,1,264250.0,2307.88,3.783738957,16.17223232
724,1,146939.0,967.84,2.952353731,15.46848066
725,2,351765.0,1939.45,2.001292742,15.06470836
726,1,159977.0,954.95,4.544161192,16.91204811
727,1,353874.0,2185.91,1.254087417,13.27995882
728,2,229407.0,1556.21,2.03127197,13.55664504
729,2,364309.0,2197.21,2.832526168,14.03214258
730,1,138389.0,604.45,2.376476685,15.14954864
731,1,363784.0,2292.58,1.741504583,13.8704814
732,1,252349.0,1201.83,1.649911149,13.65788699
733,1,258974.0,1190.59,3.050644968,16.19166786
734,2,350839.0,2398.13,2.22072682,13.96671266
735,2,360916.0,2064.07,2.329146903,15.71020682
736,1,152591.0,848.28,2.932250196,14.96955187
737,1,251238.0,1933.24,2.080415132,15.71063697
738,2,245617.0,1779.81,1.097092918,13.2442855
739,1,353884.0,1794.67,1.228930093,13.04887244
740,2,250439.0,1872.05,3.564336864,15.78669538
741,2,377003.0,1896.85,3.301709578,15.83888861
742,1,159423.0,1267.24,3.348455903,15.88307757
743,1,148838.0,662.26,3.663907302,16.49623567
744,1,262350.0,1705.01,3.91399663,16.14687147
745,1,364427.0,2061.23,2.920902024,15.40661509
746,2,127575.0,943.12,1.609863142,14.54800191
747,2,126269.0,859.65,2.947184671,15.63923939
748,1,164765.0,1220.21,3.775996444,16.16752287
749,1,145675.0,686.77,3.1359316,16.3181441
750,2,354162.0,1790.3,2.219219957,13.45287035
751,2,248754.0,1086.69,1.807461416,14.77130806
752,2,348701.0,2435.53,0.99360974,13.34071466
753,1,366853.0,2207.2,1.828440361,13.6483836
754,4,357709.0,2077.54,2.439086043,15.3877017
755,2,127205.0,586.86,1.743482038,15.36927654
756,2,127606.0,744.33,3.08826771,15.87943199
757,1,269456.0,1921.59,3.566494609,16.26836501
758,2,140160.0,586.96,3.179451787,15.59420994
759,1,366620.0,2061.15,2.30462994,15.21673708
760,1,366257.0,1810.58,1.862851899,15.19787987
761,1,274191.0,1752.42,3.759533609,16.45714779
762,1,353004.0,2217.92,0.867563208,13.11753968
763,1,356868.0,1807.24,1.379793174,13.27213983
764,2,359782.0,2353.24,1.732511318,12.63473031
765,2,375782.0,2390.76,3.697474738,16.08986501
766,4,350340.0,2307.44,1.600127917,13.39072
767,1,340345.0,2161.16,0.65547546,11.2583727
768,1,165867.0,788.06,4.056449352,16.80764978
769,1,252011.0,1327.06,1.81877913,15.29982598
770,1,146462.0,870.56,3.197371973,16.19936329
771,1,149057.0,1451.75,3.885737377,16.24012786
772,2,272133.0,1977.95,4.014593861,16.56831533
773,2,249103.0,1363.53,0.962529464,13.40097682
774,2,137248.0,810.06,2.730382197,14.81242197
775,2,371818.0,2339.5,2.760052512,15.5415457
776,1,167515.0,1085.84,4.833511665,16.72852686
777,1,266636.0,1831.37,3.473796982,15.97735035
778,1,255938.0,1873.93,3.453349896,15.6976576
779,1,165084.0,1405.51,4.111564403,16.61211523
780,2,126391.0,674.28,1.380808845,13.62575781
781,1,173902.0,1499.62,4.395712233,17.49030294
782,2,256918.0,1653.06,2.269416194,14.42722903
783,1,366547.0,2270.19,1.073890366,13.75947325
784,2,344790.0,1541.17,1.279924674,13.43166065
785,1,153958.0,773.19,3.756540808,16.63637549
786,1,371773.0,2403.14,1.466838582,13.49555622
787,2,370767.0,1915.94,3.279402366,15.69222939
788,1,157477.0,1456.39,4.035209781,16.22215019
789,3,361357.0,2136.69,1.979012603,13.99779209
790,1,166829.0,586.86,3.715348062,15.98177378
791,2,237028.0,1593.41,0.464818214,13.1399773
792,1,136914.0,739.93,3.054416537,15.86653558
793,1,148333.0,1224.1,3.826131965,16.31387362
794,1,148247.0,1220.18,3.825079011,15.6439118
795,2,119623.0,760.56,1.602574703,14.30069235
796,3,132313.0,670.51,2.865025952,15.07504496
797,2,248993.0,1360.89,1.418121474,13.16433948
798,1,265523.0,1901.06,3.487383646,15.89877956
799,2,263093.0,2039.24,2.939099361,15.69135504
800,2,251867.0,1835.14,3.342396625,15.68417873
801,2,240350.0,1266.54,0.858058485,13.50093211
802,1,252493.0,1554.55,3.716931086,15.77763455
803,3,124621.0,1065.64,2.774708494,14.36174296
804,1,154144.0,909.46,4.492670517,16.24708095
805,2,150415.0,1126.06,3.730902924,15.69638832
806,1,147639.0,780.01,3.023452055,15.76750969
807,1,146702.0,892.19,3.918146307,17.16237371
808,1,165032.0,895.37,4.720853064,16.97329176
809,1,257678.0,1762.69,1.80969969,14.97984833
810,1,260242.0,1853.49,2.766072357,15.60429595
811,1,161109.0,888.11,4.889830482,16.90261936
812,1,254065.0,1486.75,1.652035277,13.14000058
813,1,261610.0,1829.16,4.23693693,16.93488241
814,1,358534.0,1808.97,0.352932017,12.53323622
815,1,249317.0,1830.86,1.690916536,15.62240946
816,1,268203.0,1292.64,4.530516358,16.46649254
817,1,368849.0,1927.14,2.371477795,14.36606619
818,2,348800.0,2373.04,1.793231342,13.18377226
819,1,386805.0,2437.82,3.941857616,16.42425253
820,2,251555.0,1432.9,1.118968356,13.43926294
821,3,127321.0,932.46,2.929924379,15.14328766
822,1,357615.0,2254.91,0.879034115,12.51948187
823,2,124258.0,1036.85,1.2345208,12.58037942
824,2,240990.0,1251.65,3.125339126,15.36320404
825,2,350740.0,1870.9,0.743386272,13.0582741
826,1,247120.0,1392.35,1.950352626,14.00909763
827,1,373488.0,1764.61,1.81764359,13.80831337
828,2,359947.0,1832.56,1.251473368,13.26577106
829,1,143395.0,1425.96,1.732997169,15.0015009
830,2,231777.0,1216.79,2.028914362,14.07710171
831,2,241532.0,1348.19,2.792471378,14.62110354
832,2,249414.0,1664.94,3.002619437,15.84060134
833,1,363091.0,2479.61,2.020969205,14.0653581
834,1,137526.0,1305.2,4.185740817,16.50323174
835,2,354926.0,1930.54,1.192578958,13.51304435
836,2,127790.0,586.86,2.937321903,15.64562689
837,2,257454.0,1905.69,2.918593865,15.6878318
838,1,168413.0,1345.79,4.372109367,17.48684844
839,2,254734.0,1818.72,3.248848453,15.70436637
840,1,151782.0,750.43,3.773741296,16.57574677
841,1,150015.0,701.25,3.692023602,17.09582702
842,1,257773.0,1184.02,2.674521129,15.84608124
843,2,248848.0,1038.81,1.2689704,15.33425579
844,1,164351.0,840.1,4.427146098,17.21423222
845,2,258541.0,1082.63,2.970024293,15.41289621
846,1,367214.0,1741.28,1.657277498,13.2304111
847,2,151418.0,1447.53,3.124746175,15.54803224
848,1,388481.0,2291.27,3.801382603,16.05506686
849,1,153615.0,850.43,3.96945061,16.12640501
850,2,341165.0,1889.1,2.408600723,14.69615589
851,1,162231.0,1252.39,4.232335682,16.16826807
852,2,363424.0,2294.42,1.744514874,13.59450373
853,2,239031.0,1385.29,1.855066583,15.40036558
854,1,151501.0,874.82,3.637732957,16.00890995
855,2,348624.0,2196.71,1.162453858,12.03332018
856,1,129040.0,655.23,2.122739249,15.46793867
857,2,128183.0,850.83,2.281778532,15.42342997
858,1,353619.0,1777.88,1.56146001,13.17647736
859,2,345112.0,1739.46,1.060356289,12.84237728
860,2,139930.0,687.13,3.174673031,15.765638
861,2,236805.0,1270.81,2.242413392,14.23638436
862,1,347979.0,1864.38,0.781679704,13.25027997
863,2,249299.0,1613.29,2.514390654,15.82853708
864,2,349274.0,1835.26,0.715041514,14.25290733
865,2,354090.0,2309.76,0.84158245,12.56811376
866,1,350893.0,1352.9,0.437916872,11.77682754
867,1,381086.0,2342.08,3.64179778,15.9196737
868,2,357010.0,2202.03,3.19581078,15.67581902
869,2,235991.0,1267.5,0.767204891,12.31175522
870,1,162681.0,820.97,3.594669633,16.21891986
871,2,228680.0,1799.19,1.853596307,13.28450843
872,2,129549.0,646.24,1.736606645,13.40288818
873,1,354591.0,2349.46,1.58821116,13.24081859
874,2,359768.0,2245.29,1.408038279,14.00906684
875,1,148549.0,595.86,2.861557382,15.84420513
876,1,374416.0,2564.16,1.834426881,13.92511987
877,1,248293.0,1148.15,1.214794469,13.78558978
878,1,360697.0,1877.11,1.813279611,13.63873333
879,1,263019.0,1212.11,2.937514536,15.43688197
880,1,145607.0,1077.36,3.038634507,15.15856292
881,1,371038.0,1986.93,2.174477617,13.99244965
882,2,240432.0,1267.1,2.328903672,15.13441722
883,2,232005.0,875.04,2.066944854,13.46269041
884,2,352280.0,1813.95,0.894189949,12.85701946
885,1,380912.0,2288.58,4.097619499,16.43575653
886,1,137176.0,595.08,1.707309512,14.36457072
887,2,247691.0,1773.12,1.743134051,13.662155
888,1,366372.0,2150.31,0.979322886,13.32582738
889,1,156130.0,599.91,3.96274598,16.88710641
890,1,262520.0,1832.37,3.88646581,15.93181655
891,2,122137.0,912.36,1.538547573,13.1572879
892,3,349571.0,2438.51,-0.26537641,12.67097921
893,1,157105.0,836.56,4.312908907,16.7348047
894,1,161638.0,1224.63,4.21345328,16.789415
895,1,166052.0,809.43,4.374005866,17.01680798
896,2,263724.0,1844.12,3.707371642,15.87269191
897,1,370740.0,2361.93,1.32884512,13.85185979
898,1,139271.0,900.1,2.965786618,15.28871891
899,1,148305.0,990.51,3.690443766,15.84193881
900,2,358653.0,2469.91,1.286734085,13.05370609
901,1,135639.0,869.51,2.959271411,15.06455939
902,2,237450.0,1407.52,1.115972238,13.31398102
903,2,144788.0,862.03,3.201920411,15.88738828
904,1,249471.0,1388.45,3.196704444,16.10822566
905,4,359835.0,2182.06,2.315337356,15.08744761
906,2,242454.0,1388.48,1.71031731,13.20458297
907,1,345404.0,2306.52,0.403467846,12.44643886
908,1,383751.0,1977.75,1.444504234,14.39019894
909,2,354885.0,2131.55,1.681215904,13.14863029
910,2,121528.0,586.86,2.256576033,13.8678143
911,2,131942.0,1251.93,1.925231729,14.19314053
912,2,138120.0,1119.61,3.43365307,16.13854841
913,2,361190.0,1849.61,2.042482433,14.6016508
914,1,265969.0,2362.62,3.86750985,16.10388586
915,1,262255.0,1347.66,3.787793152,16.11344024
916,2,354767.0,1997.41,1.022278773,13.92059789
917,1,255046.0,1759.33,1.408714573,14.34489276
918,1,359449.0,2103.75,1.373784539,13.11394978
919,1,353508.0,2136.57,0.404350049,12.05352535
920,1,259102.0,1313.29,3.685094322,16.15135338
921,2,245396.0,1286.97,1.562403036,13.63984889
922,2,359220.0,2362.07,2.340259164,14.21279163
923,2,339751.0,1859.02,1.519000268,12.06343371
924,1,270265.0,1208.23,4.770600201,16.71422823
925,2,248912.0,1244.04,3.424998935,16.11263468
926,1,163468.0,664.47,4.00421025,16.27414218
927,2,377185.0,2270.16,3.08510594,16.10078309
928,1,265526.0,1748.83,3.867470266,16.27189451
929,1,147252.0,666.88,4.234094645,16.01555104
930,0,263692.0,2333.08,4.104395846,16.51177106
931,1,365609.0,2009.0,1.394267578,12.79002071
932,1,139812.0,1531.5,1.332365705,13.52917551
933,1,268783.0,2218.4,4.047759852,16.36611875
934,3,124499.0,719.06,2.86049653,14.92442787
935,2,359100.0,2162.4,1.711982079,13.28937409
936,2,348315.0,2366.12,0.665047288,11.93421791
937,1,347170.0,2274.46,1.44378072,12.15985203
938,1,366316.0,2206.27,2.200924519,13.84751193
939,1,159713.0,777.49,4.033696551,17.13308662
940,2,368197.0,1815.12,3.080525492,15.5910053
941,2,140240.0,825.42,3.00394884,16.44622375
942,1,143041.0,635.89,3.93441362,16.1748273
943,3,123509.0,820.93,2.121919763,13.69366294
944,1,146989.0,746.87,3.02990014,15.24535367
945,2,241169.0,1209.53,1.55719377,13.26896461
946,1,370417.0,2449.62,2.097461787,15.11523833
947,1,371048.0,1885.21,2.806710903,15.45911823
948,1,373582.0,2181.98,4.023420987,15.85260154
949,1,249886.0,1875.69,1.786005416,13.51917224
950,2,353776.0,1877.07,2.622613856,15.46077394
951,2,245648.0,1427.58,2.901518081,15.42717841
952,2,357446.0,2002.02,2.683993612,13.81540987
953,1,271662.0,1472.73,3.749451136,16.19325618
954,2,143027.0,978.91,2.664233051,13.40702113
955,2,240325.0,1225.39,0.913587589,13.17426913
956,1,155497.0,690.53,3.396323456,16.78225623
957,2,239871.0,1562.32,1.594363907,13.9093605
958,1,258166.0,1147.77,0.538746008,14.52381982
959,1,136222.0,746.93,2.910186776,15.52439432
960,2,247054.0,1611.99,2.791087555,14.63506094
961,1,359804.0,2233.13,1.824540286,13.34222952
962,2,134285.0,1451.98,2.781107045,15.79648855
963,2,236164.0,1269.41,1.388811598,13.3193003
964,2,126702.0,686.5,2.447629613,15.78424648
965,1,145368.0,1431.92,1.828918887,14.82130469
966,2,252263.0,1674.78,3.569535611,15.80813951
967,2,245812.0,1807.93,1.724424084,14.82278495
968,1,149309.0,988.5,3.869114489,16.57982632
969,1,149239.0,998.78,3.679285618,16.48044131
970,2,237354.0,1621.08,1.895405663,13.82161565
971,1,358843.0,1847.15,1.357233692,12.99677165
972,2,375438.0,2255.09,3.285519694,15.65291845
973,2,124404.0,785.05,1.288070573,13.22397681
974,1,134244.0,796.45,3.034911926,15.28874465
975,2,125639.0,769.05,2.156839084,15.39555743
976,1,268773.0,1889.46,3.615702505,15.76679793
977,1,259562.0,1427.76,4.43416785,16.22014924
978,3,353276.0,2261.31,1.320312034,12.42326661
979,2,132754.0,686.09,3.106667362,16.25764051
980,1,127901.0,748.91,1.822870374,14.75561906
981,1,378631.0,2460.9,2.959887777,15.8943265
982,1,148979.0,882.89,3.478495813,16.71898058
983,1,282385.0,1941.29,4.152768659,16.43304904
984,1,368473.0,2111.14,1.919937829,15.37036731
985,1,141054.0,633.98,3.144084569,15.90245712
986,1,361200.0,2322.88,1.253598324,12.74632161
987,1,355885.0,2256.14,0.665028438,12.07878637
988,2,230977.0,1371.37,0.987528079,13.27959489
989,1,383115.0,2292.97,3.646494857,16.11189914
990,1,383061.0,2310.43,3.554683141,15.62035299
991,2,238755.0,1069.39,0.820509035,12.57434951
992,2,242818.0,1617.92,1.413257532,13.51382564
993,2,255931.0,1461.81,3.349951484,16.74044236
994,2,340944.0,1875.98,1.589604994,12.76145037
995,2,114947.0,595.81,1.854580208,13.3893488
996,3,143767.0,1621.05,2.511237465,15.64281545
997,1,378807.0,2391.14,1.812951256,15.45252869
998,2,365312.0,1874.81,2.767603934,15.33121628
999,2,122262.0,722.21,2.92484989,15.90840918
1000,2,261008.0,1416.79,3.676479294,15.97832567
1001,1,255815.0,1075.99,1.760605373,14.01937047
1002,1,380528.0,3047.82,2.956267348,15.17866871
1003,1,169659.0,651.94,4.516597905,16.62245143
1004,1,381737.0,2360.05,3.049087602,16.08612685
1005,1,384668.0,2383.18,3.699944567,15.67120451
1006,1,354817.0,2279.04,1.10311611,12.87973148
1007,1,369012.0,2401.7,1.762726892,13.35080187
1008,2,127832.0,849.35,1.537392875,13.31481127
1009,2,129014.0,695.61,1.781848539,15.05469981
1010,1,151251.0,1423.59,3.520884755,16.52698535
1011,2,246538.0,1508.11,1.924024021,13.97275549
1012,1,249076.0,1513.61,0.905813739,13.42202419
1013,1,149878.0,901.19,4.635565402,16.56793771
1014,2,247936.0,1576.45,3.033199885,14.25304239
1015,1,155645.0,796.12,3.592633063,15.62443343
1016,1,273671.0,1226.51,4.635432697,16.60823261
1017,2,336765.0,2080.16,1.155937803,12.21333435
1018,2,349290.0,1817.67,0.258641827,11.84904062
1019,1,375833.0,2484.89,3.319943373,15.6764517
1020,1,247180.0,1654.28,1.436954243,13.88513112
1021,2,248150.0,1765.51,3.793558977,15.84595351
1022,1,139197.0,682.33,2.296959834,15.63573074
1023,1,349596.0,1788.86,0.570303138,11.64048424
1024,1,160990.0,635.3,4.030814573,16.66841983
1025,1,377096.0,2187.72,3.040613836,16.00579638
1026,2,355734.0,2210.62,1.734216859,15.22185459
1027,2,234033.0,1412.74,0.260662461,12.73022364
1028,1,357776.0,2070.17,1.275056608,12.57358991
1029,2,134914.0,817.9,3.032222711,15.44501011
1030,1,352019.0,1878.52,0.909619803,12.15544845
1031,2,234933.0,1409.89,2.344827077,15.04018611
1032,1,261880.0,1030.72,2.005272146,15.21666908
1033,4,353104.0,2288.24,2.063656328,14.71627928
1034,2,137728.0,675.65,1.698118037,13.8859901
1035,1,350728.0,2271.92,0.991506348,12.34117933
1036,2,364400.0,1770.45,3.217346734,15.55608655
1037,1,374347.0,1962.48,3.54932416,15.91961604
1038,1,356223.0,2333.79,2.174363584,13.59383541
1039,1,372122.0,2463.62,1.533916399,14.68795313
1040,2,136783.0,1443.75,3.133891069,15.9503212
1041,1,371407.0,1770.83,1.661281817,14.24785824
1042,1,265264.0,1892.59,3.580389561,15.32650755
1043,1,256603.0,1515.46,3.922432042,16.07410279
1044,1,380640.0,2382.52,3.534474867,16.66445851
1045,1,271255.0,1601.94,4.447317366,17.12578248
1046,1,166952.0,1151.33,4.809979917,17.53306904
1047,1,158562.0,1317.55,3.918460772,16.98135246
1048,2,122542.0,896.62,2.238846299,14.23199846
1049,1,273212.0,1751.68,4.646148161,16.54078271
1050,1,275022.0,1930.12,4.028943782,17.18954191
1051,1,375103.0,2186.21,1.587469412,13.68927221
1052,1,142252.0,777.13,2.954440119,15.71932941
1053,1,369903.0,2216.62,1.688737882,13.9217047
1054,1,152206.0,1157.48,3.645409196,16.06115569
1055,2,119279.0,907.75,2.498046879,14.14418028
1056,2,129083.0,789.96,2.986018865,15.87741082
1057,2,363456.0,2213.03,2.683672755,14.75189285
1058,1,149233.0,837.64,3.961315836,16.74264495
1059,1,156142.0,1367.33,3.657702017,16.08496857
1060,1,364478.0,2208.15,2.179831942,13.29332025
1061,2,350017.0,1944.15,1.630792737,12.89754913
1062,1,362904.0,2078.68,2.977708628,15.71957059
1063,1,364445.0,2360.61,1.78067676,15.21687104
1064,2,230474.0,1364.77,2.347974132,13.75272943
1065,1,155399.0,1166.11,3.485108041,15.96324066
1066,1,359790.0,1816.55,1.60894609,15.23816933
1067,1,355804.0,2134.7,1.782845695,13.19697201
1068,1,364046.0,2393.21,1.907391893,13.64155631
1069,2,241761.0,1468.39,3.083182542,16.09699468
1070,1,253179.0,1527.28,3.586348797,15.87741472
1071,2,123287.0,833.76,1.907898825,14.76945096
1072,1,241052.0,1774.66,3.15967848,15.58078886
1073,2,354529.0,1933.84,0.298405098,13.01120383
1074,1,256395.0,1382.9,1.78532493,13.97617381
1075,1,380439.0,2447.97,3.780951509,15.90663153
1076,1,143569.0,770.03,3.943846814,15.84612737
1077,1,374073.0,2102.46,1.180787265,15.23474735
1078,1,267543.0,1995.45,4.843609116,17.36450092
1079,2,231524.0,1206.35,1.952635433,13.49900555
1080,1,376978.0,2355.47,3.247674953,15.81239229
1081,2,136629.0,679.87,3.169029603,16.24960718
1082,1,252150.0,1872.02,2.484714646,15.38212954
1083,1,264490.0,1901.24,3.818308234,16.26174111
1084,1,353480.0,2101.39,1.507864914,12.65630022
1085,2,124761.0,903.72,1.008076694,13.51354939
1086,1,139871.0,956.59,3.491519592,15.53161603
1087,2,251126.0,1413.58,2.909233123,16.08143117
1088,1,150457.0,878.93,3.551091333,16.19510768
1089,2,353254.0,1841.85,2.919233253,14.00818964
1090,1,349972.0,1858.94,0.898846899,13.07328387
1091,1,369116.0,2355.76,2.028688222,15.66519999
1092,1,258035.0,1913.05,1.529315933,13.88692114
1093,1,141012.0,631.07,2.757049101,15.52341279
1094,2,236225.0,1121.76,1.776175171,14.04047544
1095,2,359287.0,2401.62,3.187702634,15.03877184
1096,1,172902.0,815.84,3.885186847,16.36925388
1097,1,368183.0,1996.29,1.651835189,13.60974664
1098,2,235114.0,1566.73,0.351391218,12.02317877
1099,1,149393.0,1444.49,3.150289226,14.79975187
1100,2,361944.0,2090.86,1.294143143,13.4658517
1101,2,244444.0,1801.73,2.626104239,15.20423538
1102,2,344778.0,2120.52,1.495502819,13.33386045
1103,1,379008.0,2270.23,3.074245163,15.56790409
1104,3,135151.0,1416.19,2.980784361,15.54825703
1105,1,147307.0,1428.48,3.56779532,16.1287567
1106,3,130229.0,862.27,1.401132938,13.80831059
1107,1,265601.0,1941.59,3.606270006,16.3632996
1108,1,380073.0,2258.2,3.712659993,16.27093158
1109,1,179030.0,1355.18,4.483767994,17.73027397
1110,1,156356.0,1353.47,4.706366488,17.03706882
1111,1,266695.0,1923.38,3.793832391,15.95615878
1112,1,161234.0,665.53,3.693667195,16.24585221
1113,1,269643.0,1865.11,4.300315352,16.25026973
1114,1,129363.0,750.48,1.038466312,12.75229894
1115,1,364578.0,2263.41,1.920184601,15.12077772
1116,2,255005.0,1658.14,3.060751396,15.73775316
1117,2,243108.0,1773.57,1.841388646,13.85545544
1118,2,354376.0,2304.42,1.580238402,12.92931413
1119,1,359122.0,2424.72,2.36565969,13.37643544
1120,1,249396.0,1562.43,1.243141668,13.2716635
1121,2,121664.0,1246.61,2.271333349,15.39664961
1122,2,362749.0,1928.44,2.081390377,15.29300354
1123,1,141964.0,896.56,2.903514599,15.77682302
1124,1,145025.0,759.73,3.668710212,16.92689195
1125,1,153182.0,1208.39,3.809564384,16.29835805
1126,1,381956.0,1935.31,3.374842919,16.113065
1127,2,351196.0,2202.35,2.85513096,15.739052
1128,3,135646.0,887.47,2.948047988,15.05063865
1129,2,247344.0,1596.26,3.835538042,16.40046092
1130,1,364460.0,2316.84,2.441985861,15.50485177
1131,2,133765.0,720.55,1.872565463,15.0484145
1132,1,153920.0,758.68,3.81515012,15.83286789
1133,2,250990.0,1483.02,3.164709096,15.52155257
1134,1,388007.0,2297.21,2.05051958,15.81772154
1135,2,241725.0,1393.46,2.307700476,15.01335185
1136,1,258246.0,1549.2,3.159380123,15.47931284
1137,1,150184.0,586.86,4.301877115,17.07480497
1138,1,374269.0,2269.89,3.172553868,14.8922873
1139,1,250431.0,1374.82,2.116424077,14.38409446
1140,2,363556.0,2290.67,2.247633825,15.30965125
1141,2,251992.0,1257.51,3.226012417,15.70155494
1142,2,116337.0,750.09,1.822838039,13.4589366
1143,1,345072.0,2262.46,0.684093313,12.68187193
1144,1,132364.0,855.32,3.072911345,15.9327227
1145,2,342301.0,1861.48,1.445210431,13.48793066
1146,1,141830.0,830.33,2.970469446,15.67969003
1147,1,158167.0,679.75,3.583073198,15.39811173
1148,2,118675.0,754.46,2.626779649,15.26245528
1149,2,131388.0,744.18,2.722820362,14.01569852
1150,1,363319.0,1774.07,1.312033667,13.43958034
1151,1,147369.0,939.54,1.738759479,14.30427284
1152,1,255700.0,1294.12,1.641199033,15.50818786
1153,1,359029.0,2271.51,0.98836205,13.20297689
1154,1,370179.0,1778.23,2.935737571,15.79761567
1155,1,386227.0,2183.7,3.792384969,16.32832456
1156,1,155370.0,918.28,4.202570335,16.29539869
1157,1,367014.0,1804.6,3.906158926,16.55604335
1158,2,128784.0,1473.46,2.966520255,15.74381896
1159,2,133209.0,1425.37,3.186503569,15.73538049
1160,2,239447.0,1676.75,0.504874051,12.28116201
1161,1,150076.0,1051.66,3.601970948,16.33536652
1162,2,355917.0,1831.69,1.242112073,12.64001664
1163,4,352038.0,2219.97,2.445465944,15.36371773
1164,1,378527.0,1798.31,3.24908166,15.72396883
1165,1,131937.0,791.16,1.001705418,12.92979199
1166,2,245182.0,1337.29,1.284905932,13.58715407
1167,1,266822.0,2203.38,3.945655775,16.3531619
1168,1,372952.0,2209.57,2.433183351,13.7902124
1169,2,128562.0,788.78,2.825437468,15.85671794
1170,2,137752.0,654.93,2.816575776,15.97373921
1171,1,379300.0,2398.81,3.954710267,16.58646781
1172,2,134489.0,914.95,2.915983256,15.44973607
1173,1,136687.0,869.24,2.815438162,15.55511387
1174,1,144937.0,996.59,4.415762463,17.04669095
1175,1,347706.0,2473.21,0.970563321,11.90378331
1176,2,140670.0,635.19,2.796991057,14.85480219
1177,1,357031.0,2066.07,2.840012309,15.51953199
1178,2,139545.0,728.74,1.882144045,13.52010996
1179,2,253389.0,1438.66,3.234734992,15.50532545
1180,1,354349.0,2298.83,1.6646879,12.47423439
1181,1,129672.0,639.99,1.581195216,15.03607743
1182,2,241315.0,1557.7,2.86644846,13.98125739
1183,2,349604.0,1851.63,1.422225455,12.66404909
1184,1,257401.0,1272.55,2.700608314,13.92396655
1185,2,355822.0,1756.19,1.397434205,12.43594276
1186,1,366717.0,2331.01,3.176140639,15.4673049
1187,1,357784.0,1939.21,0.475095638,12.55633283
1188,2,234181.0,1197.41,1.210182795,13.10070152
1189,4,358919.0,2230.72,1.975368531,14.60101396
1190,1,154684.0,674.19,3.851282546,16.45554788
1191,1,260704.0,1259.64,3.039977808,15.44261168
1192,1,364341.0,1976.04,0.440357472,12.78221251
1193,1,354649.0,1788.47,2.102252204,14.86505228
1194,1,390140.0,2454.63,2.9552684,16.2863544
1195,2,237768.0,1515.91,1.296713973,13.49253713
1196,2,342077.0,2357.35,1.619987984,12.37099872
1197,2,353713.0,1764.06,0.56097158,11.88860131
1198,1,155120.0,1408.87,3.98194555,16.63771837
1199,2,345300.0,2234.25,0.483821734,12.29723844
1200,1,358701.0,2235.11,1.680305701,13.45974004
1201,2,237573.0,1296.42,2.58592096,14.86828204
1202,1,144327.0,680.5,3.943299744,16.61347764
1203,2,138974.0,1448.37,3.969468842,16.13437328
1204,2,245560.0,1375.5,1.688175191,14.3791904
1205,2,137112.0,762.38,0.938362545,13.12219648
1206,1,373906.0,1801.38,3.028655427,15.99852524
1207,2,114947.0,722.78,2.088272528,14.61132171
1208,1,258205.0,1352.35,3.522704627,15.46237939
1209,2,343508.0,2156.64,1.132689758,12.85148553
1210,1,265411.0,1832.42,4.299969887,16.57104917
1211,1,285960.0,2498.47,4.591739266,16.59856433
1212,2,357080.0,1884.24,2.031468995,15.17197291
1213,2,115122.0,779.8,2.408673353,13.23206482
1214,1,154100.0,729.12,3.683685179,16.88887485
1215,1,150445.0,1296.7,3.882373203,16.57524053
1216,1,361273.0,1696.44,1.40641426,13.78690715
1217,1,372678.0,2111.69,1.656405641,13.82942922
1218,1,354369.0,2319.81,1.131081449,12.52979937
1219,1,138504.0,946.03,3.17342178,15.42841358
1220,2,247689.0,1814.7,3.421996813,16.13246069
1221,1,141915.0,1284.4,2.917944402,15.45311209
1222,2,349632.0,1898.91,1.108425003,13.08175962
1223,1,238663.0,1131.31,0.808896265,12.57585824
1224,2,114947.0,966.16,1.770679189,14.00170915
1225,1,349392.0,2285.76,0.824186432,12.06674183
1226,1,268829.0,2035.51,4.824180152,16.71692285
1227,1,375884.0,1953.35,1.846160374,14.02799585
1228,1,369600.0,2372.43,2.981383985,15.78033889
1229,1,247570.0,1082.45,2.944319745,15.13641938
1230,2,351923.0,1837.56,1.100072726,13.73402797
1231,1,382627.0,2173.24,3.85453269,16.34524355
1232,1,270806.0,1472.72,4.111976511,16.83120864
1233,2,362695.0,2113.57,3.115228434,15.66236201
1234,2,353160.0,1474.57,0.953928796,13.27062765
1235,2,150431.0,754.8,3.923000401,16.2440152
1236,1,158689.0,1501.08,4.274473907,17.03843539
1237,1,162833.0,1473.43,4.222694295,16.74010621
1238,2,135094.0,586.86,2.141775813,15.10047945
1239,2,251159.0,1580.39,3.153251444,15.4277733
1240,2,244204.0,1762.29,1.219293422,12.84434294
1241,2,337905.0,1182.27,1.624632044,13.22316989
1242,2,349918.0,1793.1,0.975835422,13.07166481
1243,1,154629.0,719.16,3.81623559,16.79334117
1244,1,150962.0,679.23,2.643408342,17.15142119
1245,2,235041.0,1429.65,1.45960209,13.3514252
1246,1,274827.0,1926.19,4.221211735,16.78364246
1247,1,158788.0,1415.48,4.598731408,17.00665669
1248,1,253019.0,1368.39,0.96337504,13.0856177
1249,2,345434.0,2085.43,1.463673214,13.47601198
1250,2,346768.0,1863.93,1.028020861,12.95453565
1251,1,156548.0,1010.34,4.41392607,16.43256981
1252,2,360317.0,2155.5,1.453634127,13.61393564
1253,1,368551.0,1834.07,1.603009591,13.53896972
1254,1,141931.0,691.72,2.858348545,15.60014637
1255,1,360641.0,1803.34,1.222666833,13.40554124
1256,2,355363.0,1909.53,0.231215835,12.06863475
1257,2,247278.0,919.93,2.909912684,15.55930779
1258,3,349333.0,2287.91,1.906424658,13.68630419
1259,1,148992.0,805.48,4.412968423,16.77505723
1260,1,363950.0,1797.18,2.030616659,13.79276335
1261,1,368794.0,2368.31,1.848219148,13.47160057
1262,1,144078.0,883.39,3.854991593,15.93119373
1263,1,151948.0,734.62,3.104316498,15.99180938
1264,1,285312.0,2369.48,4.572138932,16.73595343
1265,1,269823.0,1716.1,3.664303848,16.54915588
1266,2,249626.0,1299.1,2.022640516,15.07475731
1267,1,390056.0,2469.37,2.574377308,15.39566759
1268,2,232341.0,1383.15,1.893547648,13.19669504
1269,1,364709.0,2174.33,1.294904258,13.42518288
1270,1,267977.0,1683.04,3.960300235,16.71218236
1271,2,117202.0,680.44,1.801941136,13.40535709
1272,1,166700.0,1608.91,4.693021811,17.22320867
1273,1,401119.0,2400.61,4.494105973,16.7004871
1274,2,242335.0,1610.17,1.720153778,14.80562242
1275,1,142608.0,652.42,3.339379886,16.15702103
1276,1,376770.0,2561.05,2.881374907,15.19471621
1277,1,380586.0,2269.16,3.830422136,16.11614165
1278,2,240120.0,1266.45,1.661342631,13.72724504
1279,1,370505.0,2355.23,1.947815267,13.50191293
1280,2,123879.0,793.79,2.249484132,14.49351323
1281,1,173770.0,1334.8,4.661875297,17.18740353
1282,1,364531.0,1869.73,2.229756083,15.40602629
1283,2,248933.0,1472.37,2.879892507,15.55088691
1284,2,253894.0,1349.11,3.061919564,15.77515917
1285,1,360882.0,2267.7,1.038627871,12.69803816
1286,1,373721.0,2268.91,2.167088317,14.10963002
1287,2,241229.0,1213.92,1.231467254,12.80243846
1288,1,153417.0,1133.49,3.366972982,15.89890239
1289,2,223923.0,1804.75,2.110291904,14.14698865
1290,1,371432.0,2052.19,2.066164334,15.59031126
1291,1,275506.0,1816.14,4.408113226,16.30729843
1292,1,365811.0,2153.26,0.91087925,12.92174058
1293,2,236737.0,1536.82,1.783643221,13.79398914
1294,1,153048.0,938.25,4.107373223,17.15412057
1295,2,250911.0,1286.3,3.412238447,15.84335428
1296,2,129752.0,586.86,3.038112648,15.43182871
1297,1,155797.0,655.39,3.100549046,16.65426902
1298,1,253831.0,1795.89,3.684290678,16.34775355
1299,2,242970.0,1738.1,1.458297014,13.10181035
1300,0,377410.0,2273.91,3.59390286,15.65746781
1301,1,154039.0,944.39,3.70378894,16.06632216
1302,2,145644.0,752.48,3.694951526,15.98836163
1303,1,361403.0,1824.62,0.163347995,12.11560234
1304,2,124174.0,635.48,1.866288987,14.83079691
1305,1,351496.0,1816.85,1.960123783,13.33874888
1306,1,141876.0,1253.05,3.19703393,15.75787546
1307,1,262529.0,1665.62,2.944868384,15.7208092
1308,2,351482.0,1982.85,1.603968923,14.83529271
1309,1,157095.0,656.95,3.864028089,17.001542
1310,2,234942.0,1769.64,0.057125555,12.47767537
1311,1,258505.0,1302.69,2.184985622,14.78139272
1312,2,142784.0,908.33,1.966364382,15.63767364
1313,2,125294.0,889.08,1.707058765,13.60329735
1314,2,351744.0,2140.37,2.481652265,15.3212832
1315,2,234604.0,1382.83,1.747137808,13.46643661
1316,2,140203.0,847.99,2.962413604,15.61956418
1317,2,370689.0,2421.92,3.168357079,15.52779174
1318,1,261461.0,1234.87,3.339147503,16.62379498
1319,2,247570.0,1436.31,2.816888385,15.48460384
1320,1,369340.0,1801.85,1.874401953,13.75147116
1321,1,158797.0,1182.48,4.880545726,16.74323198
1322,2,356298.0,2332.53,1.124614238,13.61122309
1323,2,135421.0,729.95,2.952201936,15.70182499
1324,1,260866.0,1279.89,3.648620603,15.69471171
1325,1,353901.0,2125.93,1.955626753,13.78401564
1326,1,359925.0,1614.2,1.207406028,12.6357891
1327,1,249390.0,1248.19,2.59474161,15.27565729
1328,2,247562.0,1979.18,1.588534384,13.61813525
1329,1,388593.0,2459.34,3.276286104,15.82420101
1330,2,134195.0,932.2,3.812483181,16.89324253
1331,1,138657.0,742.23,3.070015374,15.05494335
1332,1,150853.0,1413.44,4.827109402,17.73027397
1333,1,143398.0,1408.24,2.619704741,13.9949942
1334,1,373770.0,2297.46,3.181512866,15.92617918
1335,2,125332.0,943.79,0.978576842,13.36924341
1336,1,357327.0,2077.73,2.98718447,15.47138427
1337,2,241556.0,1200.72,1.613495099,15.11076438
1338,2,362958.0,2139.49,2.164558038,15.14895276
1339,1,260837.0,1881.28,3.643859459,15.93151149
1340,2,354685.0,1900.75,1.873694834,14.65997871
1341,1,369645.0,1888.76,1.737096086,14.10017903
1342,2,248625.0,1512.24,1.613319602,13.64132803
1343,2,344409.0,2181.42,0.875139757,12.41960847
1344,4,358266.0,2312.17,2.271690045,14.92549702
1345,1,136907.0,658.6,3.032882372,15.54993425
1346,1,371645.0,2078.53,1.658345049,13.66113662
1347,1,375491.0,2215.64,2.373722429,15.40431881
1348,4,353471.0,2412.08,2.58567236,15.19425097
1349,2,336290.0,1837.03,0.666989567,13.08368858
1350,2,244761.0,1037.75,1.547265661,13.25343797
1351,2,356051.0,2401.69,1.937065946,13.70235631
1352,2,227729.0,833.05,0.368105552,13.11516318
1353,1,377744.0,2169.72,3.740244497,15.68582971
1354,1,375444.0,2353.59,1.297037659,13.94633205
1355,1,365322.0,2114.31,1.878592768,13.88837954
1356,2,340524.0,1597.83,1.87965703,14.61613103
1357,1,153367.0,819.84,3.639307945,16.73653575
1358,2,241491.0,1792.68,1.636707933,13.74972424
1359,2,350832.0,2152.11,1.852549671,13.97851474
1360,1,142716.0,622.82,4.099533956,16.69697752
1361,2,350484.0,2319.11,2.498519264,15.03484436
1362,2,140159.0,824.98,2.075688689,14.27191381
1363,1,272082.0,2297.85,4.148335638,16.31596262
1364,2,350950.0,1811.85,2.053510972,15.07505352
1365,2,140779.0,948.03,3.014435956,15.91637673
1366,2,247881.0,1852.99,1.647277122,13.17423699
1367,2,252458.0,1307.85,2.590737523,15.10181958
1368,1,143216.0,1427.54,3.86241989,16.07713985
1369,4,357990.0,2269.37,1.719490881,13.69581171
1370,1,145105.0,738.77,2.913591903,15.92761801
1371,1,348681.0,2119.58,1.990921131,13.39164807
1372,2,224115.0,1484.89,1.526849303,13.50994702
1373,1,137683.0,904.65,2.945475468,15.71024958
1374,1,367328.0,2087.18,2.982610828,15.48156181
1375,2,135089.0,707.85,1.795005578,14.56401349
1376,2,356407.0,2223.59,1.363022446,13.35815503
1377,1,367599.0,1872.49,1.750735893,15.44457142
1378,2,345822.0,1789.72,2.207442634,15.11087093
1379,1,378076.0,2298.5,3.435806756,15.57525327
1380,2,254522.0,1360.74,3.963586646,15.93369699
1381,1,163211.0,910.57,4.441868004,17.57230148
1382,1,251627.0,1483.51,2.946670264,15.25697933
1383,1,366850.0,2268.48,3.236753331,15.08847164
1384,1,159730.0,1129.17,4.179991355,16.7296665
1385,1,267625.0,1322.08,2.743373902,16.01442423
1386,2,240643.0,1839.79,1.978513191,15.36568313
1387,1,132435.0,701.22,2.902932137,15.5335722
1388,2,255259.0,1822.18,1.837206855,13.72550334
1389,2,126754.0,924.49,1.234978783,13.28607113
1390,1,137810.0,686.65,2.637006287,15.22883378
1391,2,246201.0,1604.83,2.426789019,15.39369144
1392,2,239253.0,1197.9,2.165471,14.19372356
1393,1,146701.0,964.87,3.122267405,15.62310594
1394,2,344265.0,2385.14,1.566462289,13.37579948
1395,2,135123.0,904.58,2.581468206,14.97293324
1396,1,161059.0,767.49,4.602509195,17.08633772
1397,1,366980.0,2170.82,2.268095388,15.28883987
1398,1,365532.0,2282.93,1.395114582,13.39433565
1399,2,155380.0,952.43,4.087370181,16.16480939
1400,2,239713.0,1080.27,1.134868759,12.94533648
1401,1,256263.0,1208.67,1.773897116,14.01226932
1402,1,358945.0,1904.36,0.060019471,11.95330469
1403,1,369537.0,2394.52,2.996692929,13.97997695
1404,1,367388.0,2426.94,3.22573838,15.83498945
1405,2,358756.0,2186.99,1.327183615,13.16672427
1406,2,360768.0,2312.69,2.24540933,13.5171728
1407,2,345699.0,1913.01,-0.326393035,12.54439405
1408,1,139267.0,733.05,3.000987535,15.94925728
1409,1,274755.0,1668.19,4.62790561,16.96811034
1410,1,156099.0,997.63,3.243483925,15.88536987
1411,1,370249.0,2498.24,1.577488131,13.76398608
1412,2,350852.0,1854.48,1.529318216,13.23008701
1413,1,263970.0,1778.29,3.969755371,16.57973044
1414,1,147010.0,999.19,3.051846651,15.09627851
1415,1,159943.0,901.52,4.008721943,16.94088512
1416,2,345158.0,1848.59,1.573446737,13.51228512
1417,1,170660.0,1435.5,4.766249025,16.83337296
1418,1,141067.0,1214.55,3.800599505,15.55528638
1419,1,361633.0,2393.18,1.580418892,13.76857905
1420,1,248761.0,1841.91,1.423686778,13.10524275
1421,1,140482.0,805.25,2.759985574,14.89240661
1422,1,151260.0,1011.57,3.963953633,16.21889873
1423,1,369874.0,2241.09,1.84130878,14.28120016
1424,1,247339.0,1438.28,2.816004729,15.24983657
1425,1,369266.0,2334.85,3.144409581,15.87759372
1426,3,131317.0,830.37,2.940423815,15.26411178
1427,1,179502.0,722.61,4.620883305,16.97518531
1428,2,236231.0,1463.19,1.816928496,13.325358
1429,2,127973.0,839.15,1.919868205,13.51079245
1430,1,376673.0,1981.98,3.467156406,16.46037446
1431,1,147884.0,960.73,2.953296634,15.51591607
1432,1,152126.0,650.18,3.305355229,16.21773848
1433,1,142345.0,811.96,1.791367744,13.86836711
1434,2,368109.0,2280.41,2.797785917,15.56905608
1435,2,129317.0,710.07,2.206153983,13.97628975
1436,2,252484.0,1721.61,2.101673493,14.40971414
1437,1,147641.0,1339.19,3.65058414,16.27605338
1438,4,360399.0,2302.96,1.41964238,13.11055285
1439,2,243274.0,1762.97,0.471386422,12.79143321
1440,1,137115.0,820.51,2.773287029,14.64319417
1441,1,369020.0,2222.86,2.054575978,14.45028465
1442,1,162110.0,790.8,3.87468504,16.70154216
1443,2,235457.0,1630.37,1.79066337,13.66008365
1444,1,162817.0,1239.61,4.93924406,17.66135653
1445,1,157031.0,1361.6,4.036575337,17.06635129
1446,2,133317.0,906.4,2.168889252,14.8768356
1447,1,162798.0,1501.59,4.82420776,17.2515313
1448,1,372976.0,2171.23,1.708936196,15.99115203
1449,2,255330.0,1853.88,4.04517186,15.73890551
1450,1,139799.0,707.72,3.581612016,16.30130838
1451,2,343085.0,2510.03,0.25506956,12.57678109
1452,2,236768.0,1542.2,1.681713788,13.67271177
1453,1,369128.0,2003.27,1.215397945,12.52565587
1454,1,362000.0,1906.49,1.946113127,14.00980201
1455,2,250593.0,1330.66,1.467861122,13.48304357
1456,1,268375.0,1684.69,3.849899094,16.10233502
1457,2,246516.0,1501.28,1.109437103,13.4562146
1458,1,388290.0,2571.47,3.795712802,17.15016196
1459,2,344242.0,1751.88,1.376438283,12.97364769
1460,2,351750.0,2102.01,2.022598004,13.49532853
1461,1,163650.0,861.33,3.770109219,17.18156673
1462,1,137797.0,809.2,2.981591664,15.7551378
1463,1,157048.0,1306.14,4.453632441,17.08809104
1464,1,363178.0,2220.17,1.060118059,12.94388631
1465,3,353768.0,2201.03,1.808380078,14.15937143
1466,1,378227.0,2462.32,3.02881751,16.12034626
1467,2,358074.0,1652.69,1.949478949,13.61476879
1468,1,263383.0,1788.59,3.616726658,16.30203088
1469,2,250695.0,1776.99,2.197090868,14.2195957
1470,2,237917.0,1712.72,0.52349564,12.14352466
1471,1,359278.0,1817.57,0.39781443,13.33679517
1472,2,244092.0,1372.54,1.609809208,13.57687601
1473,1,351221.0,2084.28,1.738869763,13.61600469
1474,1,371433.0,2198.4,1.825584449,13.93579144
1475,1,354216.0,2126.78,-0.326393035,11.62294611
1476,2,138728.0,834.79,3.048730784,15.32210775
1477,1,164518.0,1837.47,4.627178373,16.74277931
1478,1,269108.0,2216.67,4.160252705,16.51346801
1479,2,118476.0,912.12,2.128393027,14.40276547
1480,1,279851.0,1864.34,4.522349481,17.31713113
1481,1,267811.0,1758.84,3.662708518,15.03121151
1482,2,129495.0,926.36,2.970066645,15.8878837
1483,1,163085.0,945.54,4.579296509,17.3285308
1484,1,359590.0,2225.31,1.645319347,13.4883523
1485,2,136206.0,938.07,2.788663974,13.72400183
1486,1,146630.0,669.58,3.253801915,15.69218476
1487,1,172729.0,1342.44,4.552627616,17.40115859
1488,2,255953.0,1903.29,2.802570028,15.73693771
1489,2,345101.0,1822.15,1.57098047,12.4037602
1490,2,349809.0,1927.94,2.039437516,15.02298968
1491,1,367641.0,2229.87,2.906888594,15.74412843
1492,1,142384.0,1091.16,3.848672129,16.03721635
1493,1,378888.0,2380.47,2.093242534,15.89478199
1494,3,249272.0,1361.29,2.556803816,14.20846056
1495,1,359966.0,2342.68,2.708051228,15.00930233
1496,2,358774.0,2004.97,2.160175674,15.26362998
1497,1,357675.0,2090.66,1.520878402,13.2364771
1498,2,243434.0,883.92,2.333116659,15.28240542
1499,2,134477.0,1200.23,1.395405273,13.24038951
1500,2,356304.0,1720.24,1.74068366,15.25471315
1501,2,124073.0,1094.27,1.780417013,13.8593567
1502,2,346893.0,2123.19,1.40408603,12.99767942
1503,2,145301.0,1408.86,3.832937331,16.19249724
1504,1,267633.0,1882.05,4.482294211,16.27845333
1505,1,369680.0,1835.68,2.702641379,15.4137943
1506,2,240634.0,1273.0,1.398611883,12.49516679
1507,1,371416.0,1816.76,2.011357392,14.05513813
1508,1,356916.0,1856.97,1.129609163,12.72386905
1509,1,161033.0,826.74,4.24009108,17.25957205
1510,1,260255.0,1629.74,1.542206224,13.79939182
1511,2,358497.0,1819.29,3.099086307,15.39639377
1512,1,283230.0,2370.11,3.859439162,16.55114971
1513,1,352401.0,2032.58,0.771012998,12.31118635
1514,1,157000.0,1372.27,3.733446479,15.47359649
1515,3,128723.0,806.71,1.759051344,15.02869344
1516,1,264882.0,2088.86,3.72919744,15.79098267
1517,1,157152.0,726.81,4.148116781,16.63318915
1518,2,245475.0,1273.07,2.06117422,15.15538702
1519,1,138646.0,1400.45,2.446933266,15.81670637
1520,1,140901.0,687.92,3.04243941,15.50993385
1521,1,362849.0,1737.03,1.467695176,13.79070923
1522,1,150708.0,1065.22,3.783071119,16.49381158
1523,1,147305.0,797.64,3.45136723,16.47020122
1524,1,155160.0,1300.14,3.748537905,16.10725312
1525,1,272436.0,1811.49,4.617338575,16.8150838
1526,1,155496.0,1104.84,4.724125028,17.00940747
1527,1,371558.0,2486.63,2.371260079,15.09288537
1528,1,158451.0,1452.81,4.020187954,17.13640241
1529,1,257539.0,1748.16,3.661657402,15.70846999
1530,1,163718.0,1764.22,4.276639003,17.0304696
1531,1,252961.0,1700.99,1.55137206,13.70639066
1532,1,143447.0,649.15,3.118975591,16.45814158
1533,2,126374.0,763.04,3.070228077,15.46622458
1534,1,154617.0,1220.8,4.089213376,16.02402636
1535,1,242067.0,1729.03,2.071402436,15.10708127
1536,1,246472.0,1071.16,2.990064623,15.33466327
1537,1,237403.0,1739.79,1.547260454,13.76290195
1538,1,373813.0,1854.89,0.763961215,13.72709218
1539,1,139148.0,586.86,2.956868749,15.67021102
1540,2,236317.0,1555.84,1.779283483,14.07007109
1541,2,364791.0,1847.59,2.690882941,15.73109688
1542,2,238324.0,1752.59,1.755250123,13.47365961
1543,1,272022.0,1931.48,4.564726976,16.53926245
1544,2,249662.0,1294.8,1.602851388,14.90097804
1545,1,362848.0,2198.31,1.261834463,13.25115058
1546,1,148835.0,768.31,3.371037123,16.16250832
1547,2,335226.0,2111.82,0.463074868,14.18976226
1548,2,241493.0,1797.43,0.900025618,12.72087622
1549,2,240798.0,1239.11,1.562159005,13.48130482
1550,2,243618.0,1415.6,2.918248736,15.52986463
1551,1,383183.0,1926.62,2.875472041,14.00282168
1552,1,362719.0,2183.15,1.964495133,13.75585001
1553,1,156415.0,817.07,4.064369203,17.27508841
1554,2,258948.0,1909.49,3.64175388,15.87842455
1555,2,253057.0,1518.52,2.514724561,14.31012303
1556,1,151106.0,658.07,3.889420745,16.47413407
1557,2,253428.0,936.36,2.775192987,15.2092873
1558,1,150563.0,674.64,3.795528408,16.18436469
1559,1,359034.0,2388.73,1.106016639,12.74081755
1560,1,385500.0,2523.03,1.756311412,13.8017675
1561,1,357969.0,2237.08,1.335368891,13.80535112
1562,1,268975.0,1361.87,3.752114682,14.42620605
1563,2,139111.0,1173.56,1.846844075,13.9532326
1564,1,153800.0,832.63,4.477421435,16.2385557
1565,2,246234.0,1503.49,0.751102379,12.80725757
1566,1,389481.0,2232.15,3.016419613,15.39501667
1567,1,346974.0,1970.94,1.643594302,14.02324317
1568,1,255976.0,1149.67,1.814475624,13.81854048
1569,1,262335.0,1956.56,3.752041591,16.08606976
1570,2,128266.0,1156.62,1.336021938,13.06360828
1571,1,157983.0,1088.25,4.435115817,17.02254287
1572,1,374565.0,2150.3,2.954049804,15.35516292
1573,1,363563.0,1900.13,1.847253802,13.80851684
1574,1,157716.0,1015.2,3.991454229,16.54273472
1575,3,251965.0,1892.6,3.065495638,15.1028239
1576,2,238124.0,1327.46,1.47190439,12.93995806
1577,1,134564.0,832.4,2.891621604,15.23451785
1578,2,121459.0,844.71,2.036430106,15.51609641
1579,2,117131.0,864.08,0.967209819,13.12095702
1580,1,161454.0,1168.31,4.430736064,16.70482573
1581,1,168554.0,1108.7,4.468063531,16.6277107
1582,2,246175.0,1002.09,1.13926468,14.00171341
1583,2,121747.0,586.86,1.642180691,13.41466853
1584,2,377216.0,2035.44,3.680559201,16.27914555
1585,1,141319.0,774.45,4.097897371,17.24576084
1586,1,368763.0,2286.35,2.034680613,15.41974946
1587,2,232895.0,1419.95,2.122507052,14.99606902
1588,2,251762.0,1155.5,1.730807479,14.87734467
1589,2,227211.0,686.04,1.254577984,13.20317094
1590,4,355509.0,2247.19,2.417308567,14.95350471
1591,1,362071.0,2097.94,1.215513917,12.81378039
1592,1,348197.0,2471.98,0.603074002,11.58984368
1593,2,131707.0,633.49,1.658429467,13.77066899
1594,1,363934.0,1805.82,1.042889666,12.89052817
1595,2,129057.0,787.31,1.714755706,13.85020329
1596,1,162065.0,1241.12,3.83784948,15.81067936
1597,1,253059.0,1374.39,1.234249654,13.45044668
1598,1,368225.0,2262.06,3.49741404,16.22898756
1599,1,149202.0,586.86,3.709259369,16.0207328
1600,2,237314.0,1271.43,1.318093132,13.23774903
1601,2,147090.0,946.1,3.750825424,16.01620778
1602,1,147920.0,970.29,4.173622462,16.31459741
1603,2,245608.0,1531.32,3.221362213,15.71508861
1604,2,238288.0,1384.19,2.827218851,15.36340076
1605,1,148989.0,719.3,3.184812161,16.25257246
1606,2,350685.0,1837.5,1.735626586,13.62046357
1607,1,387949.0,2205.27,3.593214089,16.70745395
1608,2,355597.0,1926.71,1.361028012,15.10958097
1609,2,143338.0,899.64,2.909938024,15.32414921
1610,1,158835.0,885.61,3.794388709,16.58638313
1611,2,348612.0,1827.86,0.699448172,12.58221692
1612,1,156590.0,1258.68,4.66625681,16.98238812
1613,2,139897.0,668.47,3.84785939,15.91698939
1614,1,366202.0,1830.83,1.555859421,13.58214737
1615,2,251796.0,1402.37,2.781712341,15.75433385
1616,1,152847.0,821.11,3.093427336,16.56623329
1617,1,375522.0,1841.79,2.088860245,15.00461716
1618,1,271911.0,2269.14,3.648351093,16.50534883
1619,2,348307.0,1939.73,0.776323795,13.05464919
1620,1,352222.0,1731.39,0.836264207,13.45733478
1621,1,264139.0,1789.06,3.447146166,15.36369951
1622,2,350743.0,2068.0,1.45850137,12.82961293
1623,1,135414.0,704.67,3.034542192,16.51787153
1624,2,248422.0,1212.91,1.596320731,14.05810143
1625,1,362299.0,2346.2,1.921812511,13.14416827
1626,1,350747.0,1764.62,0.835812804,12.67383101
1627,1,270294.0,2016.35,4.697315493,17.00948001
1628,2,131094.0,1009.16,1.52245167,15.12563416
1629,1,142024.0,795.48,3.156917253,16.36414807
1630,1,368674.0,2328.53,2.190636976,14.57621733
1631,1,268203.0,1893.42,4.081146955,16.93589603
1632,1,154880.0,945.17,4.254929065,16.52410957
1633,2,349420.0,1553.57,1.422882213,12.97264971
1634,1,366266.0,2339.72,2.046590034,15.42102923
1635,2,139969.0,924.64,3.986081473,15.73919044
1636,1,151515.0,690.64,4.153816517,16.75201714
1637,2,143215.0,918.37,3.052678395,15.96825531
1638,1,153849.0,1538.97,4.250780933,16.45091377
1639,2,127684.0,586.86,2.429232317,15.14110703
1640,1,143321.0,793.95,2.702579932,15.50753918
1641,1,251248.0,1790.92,3.536254968,15.52011583
1642,1,373751.0,2287.0,2.090994167,13.84423951
1643,1,369911.0,1983.1,1.240693467,13.27891698
1644,2,129118.0,744.91,2.059487643,13.95274239
1645,1,257168.0,1440.41,1.823023856,15.59783255
1646,1,133750.0,599.89,2.773244828,15.63991588
1647,2,354638.0,1820.7,1.572443324,13.46030911
1648,2,249695.0,1757.28,3.340728059,15.25543346
1649,1,255756.0,1382.09,3.340868703,16.17368509
1650,1,148677.0,914.71,3.215182533,16.48171653
1651,1,371608.0,1765.28,3.230687656,15.74096909
1652,1,388256.0,2556.9,3.573823649,16.28750133
1653,1,356453.0,2393.87,1.441819098,12.87575336
1654,1,388950.0,2372.65,3.07867419,15.82881953
1655,1,256421.0,1284.82,2.824136884,15.24873109
1656,2,240421.0,1888.78,1.336222222,12.67325851
1657,1,265752.0,2031.54,3.519967911,15.75220864
1658,1,150992.0,778.54,3.688241443,16.06532824
1659,2,122032.0,976.16,2.792344584,13.88668093
1660,2,356127.0,1683.38,1.357105705,12.89257277
1661,2,239428.0,1555.11,2.022112069,13.5495375
1662,2,132974.0,1270.04,2.975176916,15.47377458
1663,2,365594.0,2457.04,3.150203848,15.44165909
1664,1,376598.0,2570.28,2.470387324,15.52233554
1665,1,178274.0,586.86,4.93924406,17.49791642
1666,1,145124.0,720.92,3.922704771,16.25701745
1667,1,156744.0,817.26,3.554023713,15.90688774
1668,1,151619.0,1210.01,3.743029531,15.66715419
1669,2,356361.0,2281.8,1.235006909,13.1656411
1670,1,148518.0,698.05,2.965213692,15.28316988
1671,1,378405.0,2347.2,3.511311774,15.83087448
1672,1,263925.0,1859.14,4.56686414,16.42706017
1673,1,128662.0,586.86,2.985768691,15.77004497
1674,1,145813.0,731.08,2.84945487,15.3740322
1675,1,379109.0,2464.25,3.543287547,16.34503897
1676,1,245413.0,1379.72,2.714690203,13.5375777
1677,2,345447.0,1805.95,1.643366839,13.74332974
1678,2,255696.0,1861.85,3.073707126,15.25465771
1679,1,374432.0,2362.77,3.484962805,15.82692571
1680,1,142546.0,798.72,2.919717536,15.73986856
1681,2,123504.0,714.27,2.122893811,15.29815978
1682,1,144169.0,707.41,3.139633966,15.44593559
1683,1,374276.0,2418.88,2.905201478,15.38402363
1684,2,238405.0,1013.34,2.072351775,13.78980211
1685,2,249887.0,1278.71,3.32618393,16.44610866
1686,1,384129.0,1816.43,3.532935061,15.90415862
1687,1,388599.0,2157.25,3.58908273,16.49519634
1688,1,379399.0,2276.75,2.858994663,15.81932128
1689,1,144340.0,828.86,2.307716329,14.18383152
1690,1,150266.0,724.25,4.51086206,16.78679671
1691,3,131692.0,971.96,2.31519182,15.29002466
1692,1,367660.0,2493.48,0.743550847,12.5098967
1693,2,244724.0,1471.11,1.334283597,13.49066555
1694,1,356302.0,1666.93,1.33728857,12.85518994
1695,2,246668.0,1722.73,1.351861953,13.62913453
1696,1,156760.0,883.48,3.80522344,17.25511136
1697,1,377434.0,2396.58,2.683938716,14.22367741
1698,1,359737.0,1710.48,3.087520911,15.73980841
1699,2,249791.0,1324.74,2.588011319,14.7054961
1700,1,366941.0,2421.65,3.565124916,16.27336155
1701,1,371400.0,1903.67,1.75924912,13.77637776
1702,2,242230.0,1828.16,1.976356143,15.25894576
1703,1,156217.0,804.18,4.368721607,16.37172432
1704,2,242453.0,1492.31,0.871123419,12.52305156
1705,2,130965.0,790.19,2.906092141,15.3666583
1706,2,140815.0,1160.51,3.835901933,15.62422621
1707,2,117167.0,641.6,1.751282293,13.29346326
1708,1,254570.0,1195.3,2.871920307,15.2997587
1709,1,139530.0,1198.33,3.919600368,16.91368276
1710,2,126689.0,798.89,2.22561544,13.57142853
1711,1,132798.0,702.88,3.101299485,15.25506712
1712,1,359669.0,1895.13,1.831810734,14.62706582
1713,1,365672.0,2205.23,1.534715949,15.289988
1714,2,118768.0,808.9,1.155199271,13.46937028
1715,2,236150.0,1456.37,2.268874283,13.65556442
1716,1,367729.0,2194.87,1.285559307,12.7947548
1717,2,139079.0,848.78,3.141949932,15.94537721
1718,1,373863.0,2292.25,2.010395622,15.35787828
1719,1,352916.0,2142.55,1.372292296,12.49057014
1720,2,345482.0,1835.77,1.173906532,12.18971437
1721,1,149471.0,1065.46,3.759560787,16.27496907
1722,1,351020.0,1878.79,0.905867586,12.1958979
1723,1,149922.0,968.92,3.845684928,16.68502861
1724,2,133064.0,1291.19,1.334396837,13.14885826
1725,2,138542.0,755.05,2.000624971,14.93092702
1726,1,152039.0,804.48,4.48815004,16.13584544
1727,2,233416.0,1345.43,2.926900629,15.37144539
1728,2,129831.0,821.19,1.751981333,13.67823817
1729,1,266565.0,1745.78,4.026035402,16.31957736
1730,1,264334.0,1584.38,2.075286038,14.15679213
1731,2,254515.0,1464.29,3.622462812,15.88391404
1732,2,143889.0,832.16,3.119801075,15.57621447
1733,2,350730.0,1826.38,2.338111863,15.25253231
1734,1,358443.0,2407.46,1.301613201,12.43651495
1735,1,151245.0,909.49,3.877654863,16.08665209
1736,1,149923.0,1147.19,4.208507564,16.37912494
1737,2,241657.0,1732.77,2.376130915,15.33167014
1738,1,276453.0,1897.88,4.803201811,16.39572411
1739,1,372524.0,2353.28,3.805821083,16.30127451
1740,1,160118.0,1249.01,4.530267356,16.95377059
1741,2,339874.0,1810.06,0.434181763,11.39033623
1742,4,348916.0,1989.95,2.559936366,15.43053122
1743,1,364538.0,2197.01,1.753055543,13.59566567
1744,2,128835.0,692.83,1.854762595,15.20467972
1745,1,348722.0,2045.21,1.343894838,13.23213236
1746,3,125439.0,921.67,2.108782213,14.75719824
1747,1,251924.0,1816.97,3.021956869,15.41645883
1748,1,168587.0,631.19,4.93924406,17.42200105
1749,1,354938.0,2026.73,0.499848691,12.32203655
1750,2,353778.0,2430.45,1.797783855,12.62670345
1751,3,354318.0,2378.16,2.107676467,14.04629793
1752,2,359200.0,2274.3,2.174793788,15.59484702
1753,1,170662.0,649.55,4.454330758,17.54104117
1754,1,243145.0,1245.12,-0.178161821,11.66182274
1755,1,158944.0,1414.94,4.918298102,17.32783
1756,1,135579.0,737.18,2.808579327,15.12736824
1757,1,382176.0,2486.65,3.173936714,15.9017134
1758,1,163776.0,835.12,3.988193264,17.07894116
1759,2,134844.0,650.1,3.690288568,16.04304799
1760,3,354965.0,2332.42,1.291676345,12.60406019
1761,1,272331.0,1940.42,3.911660249,16.5821973
1762,2,134220.0,880.47,2.002249298,15.30478994
1763,1,162027.0,1405.22,4.164424581,16.31896097
1764,1,364585.0,2203.93,2.126645251,13.39242122
1765,1,153304.0,1124.42,4.190829261,16.28381463
1766,1,260888.0,1831.13,3.261756951,15.91091551
1767,1,355986.0,1820.6,1.414030335,13.54818009
1768,1,273264.0,2145.47,4.186197673,16.30186452
1769,1,363649.0,2145.24,3.000033399,15.4391413
1770,1,141556.0,777.69,2.820726174,15.9370717
1771,1,164731.0,868.16,4.801599555,17.06987603
1772,1,149530.0,817.21,3.610712486,16.59846765
1773,2,249338.0,1770.77,3.355147966,14.98055313
1774,2,370466.0,2341.82,2.272699212,14.92363408
1775,1,271067.0,1925.31,4.569330785,16.42779267
1776,1,145346.0,835.67,4.059068858,16.47149819
1777,2,246240.0,1278.29,2.192140536,15.22435017
1778,2,243254.0,1397.95,3.101731892,16.0797919
1779,2,262905.0,1908.63,4.077460833,15.96969257
1780,1,158844.0,1060.19,4.084168506,16.67458751
1781,2,119441.0,868.31,1.377390943,12.86495572
1782,2,245792.0,1302.11,2.489116884,15.49435435
1783,1,253303.0,1812.83,1.510903444,13.81098392
1784,2,132576.0,752.06,1.675905645,14.72864799
1785,2,338353.0,2041.0,0.646286282,12.76903035
1786,2,131175.0,681.0,1.715425248,14.66934493
1787,1,147888.0,1424.35,1.702352799,14.68147411
1788,2,260900.0,1694.84,3.525945148,16.1601311
1789,2,237154.0,1270.69,1.26300065,13.81547257
1790,1,382111.0,2305.84,2.959780359,15.94232074
1791,2,256013.0,1097.87,3.675022525,15.73768237
1792,2,356905.0,1722.51,1.714898041,13.38654954
1793,2,121460.0,913.19,1.448237757,13.76758313
1794,1,264892.0,2110.84,3.941853511,16.27766843
1795,1,255581.0,1391.14,3.845383191,16.40317153
1796,2,117318.0,598.43,2.017353078,15.37252038
1797,1,262533.0,1873.2,3.429267212,15.7460251
1798,1,138666.0,881.89,3.097136708,16.20942134
1799,1,280501.0,1980.0,4.16590686,16.49129755
1800,2,241164.0,1835.47,2.834957966,14.55829527
1801,1,359760.0,1761.69,2.340823327,14.98187088
1802,2,352156.0,2242.19,1.569392275,12.96405915
1803,1,148736.0,951.03,4.219254238,16.47347919
1804,2,258774.0,1898.96,2.157798817,15.16643211
1805,1,145519.0,822.99,4.241494245,16.49737549
1806,2,142128.0,1279.51,2.978750042,15.20747532
1807,1,284911.0,1218.59,4.93924406,16.82762035
1808,1,147231.0,868.6,4.002346406,16.85622542
1809,1,267412.0,1281.8,3.354984738,15.66080188
1810,2,237167.0,1352.13,1.00707919,13.02868922
1811,2,372619.0,1840.12,3.097333215,15.77991177
1812,2,140721.0,1283.93,2.263325683,16.11331542
1813,1,156935.0,1098.46,4.507251978,16.62976205
1814,2,259111.0,1845.89,2.971467204,15.52805534
1815,1,360637.0,2429.06,2.195086041,13.89625503
1816,1,143720.0,794.12,3.019075422,15.75142511
1817,1,132630.0,734.0,3.078224164,15.85238384
1818,2,130992.0,827.61,1.598661955,13.23610644
1819,2,128279.0,770.78,2.864313239,15.48003501
1820,1,167678.0,1266.91,4.921908694,16.72423133
1821,2,237149.0,1924.66,1.947037152,13.5999919
1822,2,129250.0,817.25,1.626185471,13.87207444
1823,1,364384.0,2465.63,1.748357687,15.409865
1824,2,122311.0,626.86,1.996516802,13.60535181
1825,1,149713.0,911.74,2.909154139,16.19459875
1826,1,166957.0,1474.17,3.879685845,16.73084826
1827,2,241753.0,1284.73,1.610088014,14.03051178
1828,2,147532.0,1185.47,2.914878079,15.00609354
1829,1,370265.0,2454.32,1.516795883,13.55723946
1830,1,252142.0,1799.35,3.811365463,15.94120937
1831,1,372633.0,2168.11,1.36266598,14.04045193
1832,1,135507.0,1272.09,2.729922657,15.09209625
1833,2,340620.0,1791.12,2.127338217,13.94483063
1834,1,147226.0,839.26,3.439755956,16.41824873
1835,1,269186.0,1783.63,3.590101435,15.69043356
1836,2,252893.0,1538.96,2.935579135,15.40376597
1837,1,263989.0,1829.11,4.181324017,16.37929771
1838,2,244370.0,1620.36,1.486942444,13.62546527
1839,2,134210.0,797.47,3.034872925,16.0938735
1840,2,367722.0,1853.22,1.976984977,15.25852416
1841,2,241391.0,1147.57,1.652280477,13.88122674
1842,1,386315.0,2474.32,4.499459745,16.01984991
1843,3,246583.0,1451.27,2.959632252,14.28505644
1844,1,153607.0,1408.71,4.490282096,16.67179694
1845,1,151633.0,830.44,3.866383554,16.37562199
1846,2,249296.0,1281.57,2.854227013,15.42666109
1847,2,339438.0,1909.41,0.359542476,12.6707561
1848,1,163333.0,766.15,3.937775733,16.89912215
1849,1,141192.0,812.07,3.006001511,15.1614612
1850,1,152579.0,1484.82,4.310552279,15.90351539
1851,1,145407.0,786.46,3.781594684,16.28206576
1852,1,374431.0,1884.05,3.409894654,16.59952347
1853,1,123536.0,610.06,3.071520191,15.92923064
1854,1,355505.0,2113.68,1.637632981,12.98901821
1855,1,160042.0,774.37,4.466854669,17.17903851
1856,1,272453.0,1878.2,4.518319043,16.58972249
1857,1,349468.0,1722.64,0.896360219,12.69734761
1858,2,143374.0,895.49,3.019250825,15.4316801
1859,1,378172.0,2400.95,1.904624978,14.26228635
1860,1,350660.0,1734.82,1.234666904,12.82412374
1861,1,359319.0,2007.27,1.25625473,12.22572017
1862,2,352868.0,1776.18,1.726759547,14.95234611
1863,1,155043.0,1471.85,3.24302637,15.84966539
1864,1,256585.0,1394.75,2.825159902,13.82289342
1865,1,371641.0,2163.39,2.004812764,15.06782598
1866,1,379378.0,2475.39,2.478138293,15.8257894
1867,3,137856.0,963.31,2.979163093,15.79253878
1868,1,367467.0,1794.95,1.921701426,15.13705465
1869,2,237195.0,1462.96,2.303743375,13.73206207
1870,2,253108.0,1325.65,2.873415552,15.57079037
1871,2,118589.0,708.59,2.06458446,13.60134634
1872,2,349155.0,1712.26,0.820617365,13.15402088
1873,2,372048.0,2445.7,2.747806787,14.90798689
1874,2,119389.0,816.01,1.875610617,13.98010384
1875,2,136835.0,996.79,1.964637319,13.60386028
1876,1,260357.0,1957.47,4.756561049,16.56292978
1877,1,355677.0,1819.73,1.490538593,15.00374154
1878,1,130097.0,587.17,2.951839716,15.65660846
1879,1,150456.0,731.89,3.862400483,17.13221641
1880,1,363692.0,1888.47,1.776976171,14.92350975
1881,2,120166.0,617.87,1.468475683,15.52538001
1882,1,131289.0,586.86,2.513705316,15.44787887
1883,1,145570.0,726.63,2.792056696,15.50958013
1884,1,255472.0,1466.2,3.652561532,15.99699632
1885,1,138859.0,827.61,3.169828981,15.50993892
1886,1,365100.0,1837.42,3.01071603,15.67851687
1887,2,359790.0,2109.96,2.30322476,15.83858525
1888,2,347158.0,1808.23,1.375815625,13.49935128
1889,2,129338.0,651.07,2.941080851,15.39204598
1890,1,252430.0,1491.91,3.068635564,15.87776397
1891,2,355531.0,1814.21,1.498176719,13.42729787
1892,1,167969.0,1262.85,4.708087003,17.24743008
1893,1,375912.0,1830.31,1.915918161,13.86103446
1894,2,230341.0,1585.13,1.442454362,11.91621
1895,1,132988.0,586.86,2.826049696,14.05943383
1896,2,340774.0,2193.94,1.697557348,13.20032809
1897,1,395699.0,2553.89,3.541164758,15.81194472
1898,1,258419.0,1675.14,3.462270784,16.40026075
1899,2,254776.0,1736.19,3.544302886,15.66540621
1900,1,378570.0,1828.16,3.583949039,15.79725835
1901,1,139993.0,748.41,2.880105906,15.62492105
1902,1,267643.0,1754.65,3.649531044,16.38091623
1903,2,346973.0,2256.15,0.284814636,11.84672219
1904,1,353962.0,2196.54,0.993516618,12.88143551
1905,3,137779.0,872.35,2.223747066,15.55516238
1906,1,134555.0,657.68,2.973780191,15.67320896
1907,1,170162.0,1297.32,4.725135237,16.65003982
1908,1,148450.0,761.34,3.001125375,17.0723394
1909,1,348879.0,2002.41,0.835479574,12.59466014
1910,1,164529.0,878.43,4.257050195,16.48027532
1911,1,144938.0,613.41,3.764113844,16.23602631
1912,2,119499.0,931.01,2.523990071,15.22440706
1913,1,156958.0,1502.12,4.686294178,16.83597178
1914,1,372611.0,2354.2,2.300644652,13.87085974
1915,2,231859.0,1412.78,2.286686667,15.20338882
1916,1,153596.0,652.66,3.546352934,16.84173432
1917,1,161240.0,661.31,3.615306072,16.76561728
1918,4,369371.0,2512.45,2.8984838,15.54358557
1919,1,355292.0,2190.32,1.577803002,13.513568
1920,1,369646.0,2054.49,1.726917335,13.83457896
1921,1,379603.0,2338.87,3.822551338,16.4829232
1922,1,150884.0,1015.63,3.418801823,15.62382653
1923,1,152799.0,673.3,3.69816173,16.33068632
1924,2,343433.0,1862.96,1.725928183,13.55227744
1925,1,372517.0,2516.88,2.926752147,15.25132626
1926,1,266217.0,1137.62,3.391088059,15.90010094
1927,2,133074.0,852.55,2.259304417,14.99780059
1928,1,159161.0,918.19,4.463337061,16.50545731
1929,1,149910.0,923.69,3.773889851,16.17511889
1930,2,238392.0,1594.73,0.81802769,13.27302653
1931,4,357867.0,2424.55,1.53106721,14.87348928
1932,2,346102.0,2192.29,0.854898659,12.32195005
1933,1,357448.0,1801.8,1.046735458,12.78781876
1934,1,267672.0,1893.23,4.076735898,16.60938005
1935,1,165801.0,972.74,4.611855215,17.02125743
1936,2,370164.0,2251.14,3.18995474,16.18376685
1937,2,131618.0,1323.35,0.881284101,13.24633998
1938,1,247406.0,1340.84,1.904432131,15.21057481
1939,2,249756.0,1542.39,1.901488431,13.60109148
1940,1,143846.0,815.43,3.194826089,15.69880583
1941,2,333043.0,1920.75,1.68329004,13.06638399
1942,1,154037.0,773.22,4.035227945,16.58957993
1943,1,250234.0,1224.92,1.405887429,13.45958402
1944,2,347349.0,1793.38,1.08678341,12.73318954
1945,2,130615.0,800.02,2.991625253,15.06170032
1946,2,344556.0,2420.05,1.289461711,12.41132101
1947,1,168224.0,1154.3,4.266857978,16.71175437
1948,1,144217.0,735.17,3.186885616,16.38537779
1949,1,266963.0,1432.73,3.624077172,16.01728494
1950,2,236883.0,1345.12,2.112882702,15.58872372
1951,1,156050.0,1434.13,4.35685284,17.07576626
1952,2,147259.0,767.4,2.892250109,15.07241174
1953,1,364453.0,1796.21,0.776342484,13.01816285
1954,2,248377.0,1776.92,2.013820103,15.49005718
1955,1,248117.0,1345.59,1.521790672,13.71129092
1956,2,227410.0,1225.63,1.504759618,14.30604223
1957,2,242106.0,1264.56,1.312371527,13.3855312
1958,2,243181.0,1112.48,1.574555544,15.24422064
1959,2,260602.0,1812.16,3.231393336,15.45079788
1960,2,347174.0,2288.34,1.62117177,13.31394109
1961,2,134272.0,719.77,2.977249636,16.41917827
1962,1,146178.0,1198.81,3.471771795,16.23807813
1963,2,116234.0,635.86,2.115126712,13.58357912
1964,1,370670.0,2115.05,2.187827327,15.16212159
1965,2,241101.0,1235.13,1.347015624,13.69373852
1966,2,360607.0,2456.28,1.752457474,13.81396383
1967,1,163615.0,1042.91,4.784826041,16.77594462
1968,1,136943.0,876.9,2.983651833,15.11176838
1969,2,115704.0,1074.72,1.938875552,13.66555789
1970,1,166914.0,699.21,3.685718149,16.48997572
1971,1,144452.0,712.18,2.787940375,15.65546097
1972,1,152859.0,819.24,3.956889172,16.34150778
1973,1,349525.0,2083.12,0.416413389,11.96846631
1974,1,261004.0,1798.24,3.723896838,15.93904446
1975,1,137082.0,679.39,2.446139799,15.8749035
1976,1,144731.0,833.07,4.676945757,16.05294302
1977,2,125605.0,928.92,2.894768535,15.72752602
1978,1,371771.0,2408.52,3.571297313,15.96461209
1979,1,264015.0,1297.19,3.524266393,15.93342231
1980,1,362881.0,2387.13,1.625067915,13.72021855
1981,1,151284.0,1145.22,3.816505743,16.61261458
1982,2,140133.0,1259.45,3.196341388,15.60554885
1983,3,123078.0,843.53,1.620075047,13.55312807
1984,1,358375.0,1753.36,0.566790538,12.6103183
1985,1,362333.0,2178.53,1.893790476,13.5669152
1986,2,237945.0,1240.28,0.834309348,12.85512428
1987,2,347802.0,1977.12,0.308448231,12.26487351
1988,2,245092.0,1271.51,2.35777055,13.9998237
1989,2,136605.0,904.78,2.955153239,15.25669745
1990,2,238101.0,1323.33,1.981317056,13.95553571
1991,1,350915.0,2218.4,1.176995997,12.50488994
1992,2,366292.0,2295.29,2.607827512,14.97532546
1993,1,156511.0,774.29,3.715450665,16.5243631
1994,1,147066.0,1063.71,3.854583972,16.67105408
1995,2,244539.0,1575.09,2.993623586,15.44568472
1996,1,148222.0,926.33,3.126760171,15.65284135
1997,1,267463.0,1511.68,4.039026874,15.94967837
1998,1,143579.0,900.11,3.274642494,15.83610894
1999,1,355025.0,2381.72,1.416456095,12.7285404
