Yield (tons/acre),Total Radiation (W/m^2),Total Rainfall (mm),Avg Min Temp (C),Avg Max Temp (C),Class
1.98,120668.5,1674.51,6.559923664,16.77180662,2
2.01,120668.5,1674.51,6.559923664,16.77180662,2
2.62,120668.5,1674.51,6.559923664,16.77180662,2
2.73,120668.5,1674.51,6.559923664,16.77180662,2
2.26,120668.5,1674.51,6.559923664,16.77180662,2
2.47,120668.5,1674.51,6.559923664,16.77180662,2
1.25,130584.37,1840.67,7.133056872,17.32080569,1
1.12,130584.37,1840.67,7.133056872,17.32080569,1
1.29,130584.37,1840.67,7.133056872,17.32080569,1
1.36,130584.37,1840.67,7.133056872,17.32080569,1
1.16,130584.37,1840.67,7.133056872,17.32080569,1
1.1,130584.37,1840.67,7.133056872,17.32080569,0
1.49,143581.62,1933.6,7.965714286,18.24795604,1
1.3,143581.62,1933.6,7.965714286,18.24795604,1
1.42,143581.62,1933.6,7.965714286,18.24795604,1
1.53,143581.62,1933.6,7.965714286,18.24795604,1
1.37,143581.62,1933.6,7.965714286,18.24795604,1
1.29,143581.62,1933.6,7.965714286,18.24795604,1
0.7,157547.41,2013.38,8.579391481,18.96014199,0
0.55,157547.41,2013.38,8.579391481,18.96014199,0
0.64,157547.41,2013.38,8.579391481,18.96014199,0
0.71,157547.41,2013.38,8.579391481,18.96014199,0
0.73,157547.41,2013.38,8.579391481,18.96014199,0
0.59,157547.41,2013.38,8.579391481,18.96014199,0
2.88,235055.43,3272.48,5.715183246,16.21633508,2
2.87,235055.43,3272.48,5.715183246,16.21633508,2
2.78,235055.43,3272.48,5.715183246,16.21633508,2
2.47,235055.43,3272.48,5.715183246,16.21633508,2
2.36,235055.43,3272.48,5.715183246,16.21633508,2
2.43,235055.43,3272.48,5.715183246,16.21633508,2
2.54,235055.43,3272.48,5.715183246,16.21633508,2
2.83,235055.43,3272.48,5.715183246,16.21633508,2
2.5,235055.43,3272.48,5.715183246,16.21633508,2
2.55,235055.43,3272.48,5.715183246,16.21633508,2
1.43,244971.3,3438.64,6.051071879,16.52880202,1
1.35,244971.3,3438.64,6.051071879,16.52880202,1
1.33,244971.3,3438.64,6.051071879,16.52880202,1
1.2,244971.3,3438.64,6.051071879,16.52880202,1
1.21,244971.3,3438.64,6.051071879,16.52880202,1
1.27,244971.3,3438.64,6.051071879,16.52880202,1
1.35,244971.3,3438.64,6.051071879,16.52880202,1
1.32,244971.3,3438.64,6.051071879,16.52880202,1
1.46,244971.3,3438.64,6.051071879,16.52880202,1
1.26,244971.3,3438.64,6.051071879,16.52880202,1
1.99,257968.55,3531.57,6.552966102,17.07116223,2
1.79,257968.55,3531.57,6.552966102,17.07116223,1
1.78,257968.55,3531.57,6.552966102,17.07116223,1
1.62,257968.55,3531.57,6.552966102,17.07116223,1
1.78,257968.55,3531.57,6.552966102,17.07116223,1
1.8,257968.55,3531.57,6.552966102,17.07116223,1
1.87,257968.55,3531.57,6.552966102,17.07116223,1
1.84,257968.55,3531.57,6.552966102,17.07116223,1
1.98,257968.55,3531.57,6.552966102,17.07116223,2
1.72,257968.55,3531.57,6.552966102,17.07116223,1
1.17,271934.34,3611.35,6.965266204,17.52929398,1
1.16,271934.34,3611.35,6.965266204,17.52929398,1
1.04,271934.34,3611.35,6.965266204,17.52929398,0
0.86,271934.34,3611.35,6.965266204,17.52929398,0
1.03,271934.34,3611.35,6.965266204,17.52929398,0
0.99,271934.34,3611.35,6.965266204,17.52929398,0
0.98,271934.34,3611.35,6.965266204,17.52929398,0
1.13,271934.34,3611.35,6.965266204,17.52929398,1
1.16,271934.34,3611.35,6.965266204,17.52929398,1
0.99,271934.34,3611.35,6.965266204,17.52929398,0
2,244241.54,2239.92,5.165557012,16.24311927,2
1.84,244241.54,2239.92,5.165557012,16.24311927,1
1.85,244241.54,2239.92,5.165557012,16.24311927,1
1.84,244241.54,2239.92,5.165557012,16.24311927,1
1.95,244241.54,2239.92,5.165557012,16.24311927,1
1.95,244241.54,2239.92,5.165557012,16.24311927,1
1.88,244241.54,2239.92,5.165557012,16.24311927,1
1.84,244241.54,2239.92,5.165557012,16.24311927,1
1.74,244241.54,2239.92,5.165557012,16.24311927,1
1.85,244241.54,2239.92,5.165557012,16.24311927,1
1.93,255616.65,2365.86,5.618764187,16.68960908,1
1.8,255616.65,2365.86,5.618764187,16.68960908,1
1.81,255616.65,2365.86,5.618764187,16.68960908,1
1.75,255616.65,2365.86,5.618764187,16.68960908,1
1.76,255616.65,2365.86,5.618764187,16.68960908,1
1.72,255616.65,2365.86,5.618764187,16.68960908,1
1.71,255616.65,2365.86,5.618764187,16.68960908,1
1.69,255616.65,2365.86,5.618764187,16.68960908,1
1.68,255616.65,2365.86,5.618764187,16.68960908,1
1.19,255616.65,2365.86,5.618764187,16.68960908,1
1.77,269016.87,2574.02,6.122321644,17.21613059,1
1.66,269016.87,2574.02,6.122321644,17.21613059,1
1.63,269016.87,2574.02,6.122321644,17.21613059,1
1.44,269016.87,2574.02,6.122321644,17.21613059,1
1.53,269016.87,2574.02,6.122321644,17.21613059,1
1.67,269016.87,2574.02,6.122321644,17.21613059,1
1.58,269016.87,2574.02,6.122321644,17.21613059,1
1.58,269016.87,2574.02,6.122321644,17.21613059,1
1.56,269016.87,2574.02,6.122321644,17.21613059,1
1.26,269016.87,2574.02,6.122321644,17.21613059,1
1.09,285825.46,2634.73,6.606260069,17.79072497,0
1.03,285825.46,2634.73,6.606260069,17.79072497,0
1,285825.46,2634.73,6.606260069,17.79072497,0
0.94,285825.46,2634.73,6.606260069,17.79072497,0
0.97,285825.46,2634.73,6.606260069,17.79072497,0
0.99,285825.46,2634.73,6.606260069,17.79072497,0
1.16,285825.46,2634.73,6.606260069,17.79072497,1
0.84,285825.46,2634.73,6.606260069,17.79072497,0
0.94,285825.46,2634.73,6.606260069,17.79072497,0
0.66,285825.46,2634.73,6.606260069,17.79072497,0
1.82,123423.86,1337.73,4.908186398,15.92521411,1
1.49,123423.86,1337.73,4.908186398,15.92521411,1
1.5,123423.86,1337.73,4.908186398,15.92521411,1
1.62,123423.86,1337.73,4.908186398,15.92521411,1
1.56,123423.86,1337.73,4.908186398,15.92521411,1
1.35,123423.86,1337.73,4.908186398,15.92521411,1
1.52,123423.86,1337.73,4.908186398,15.92521411,1
1.67,123423.86,1337.73,4.908186398,15.92521411,1
1.48,123423.86,1337.73,4.908186398,15.92521411,1
1.59,123423.86,1337.73,4.908186398,15.92521411,1
1.43,123423.86,1337.73,4.908186398,15.92521411,1
1.82,137167.69,1492.35,5.751224018,16.81512702,1
1.67,137167.69,1492.35,5.751224018,16.81512702,1
1.53,137167.69,1492.35,5.751224018,16.81512702,1
1.62,137167.69,1492.35,5.751224018,16.81512702,1
1.55,137167.69,1492.35,5.751224018,16.81512702,1
1.62,137167.69,1492.35,5.751224018,16.81512702,1
1.72,137167.69,1492.35,5.751224018,16.81512702,1
1.55,137167.69,1492.35,5.751224018,16.81512702,1
1.52,137167.69,1492.35,5.751224018,16.81512702,1
1.61,137167.69,1492.35,5.751224018,16.81512702,1
1.51,137167.69,1492.35,5.751224018,16.81512702,1
1.7,150535.07,1588.49,6.662141328,17.8230621,1
1.87,150535.07,1588.49,6.662141328,17.8230621,1
1.77,150535.07,1588.49,6.662141328,17.8230621,1
1.74,150535.07,1588.49,6.662141328,17.8230621,1
1.75,150535.07,1588.49,6.662141328,17.8230621,1
1.79,150535.07,1588.49,6.662141328,17.8230621,1
1.57,150535.07,1588.49,6.662141328,17.8230621,1
1.6,150535.07,1588.49,6.662141328,17.8230621,1
1.63,150535.07,1588.49,6.662141328,17.8230621,1
1.54,150535.07,1588.49,6.662141328,17.8230621,1
1.43,150535.07,1588.49,6.662141328,17.8230621,1
1.03,163156.29,1737.05,7.308670635,18.48071429,0
1.03,163156.29,1737.05,7.308670635,18.48071429,0
0.93,163156.29,1737.05,7.308670635,18.48071429,0
1.01,163156.29,1737.05,7.308670635,18.48071429,0
0.95,163156.29,1737.05,7.308670635,18.48071429,0
0.99,163156.29,1737.05,7.308670635,18.48071429,0
0.94,163156.29,1737.05,7.308670635,18.48071429,0
0.91,163156.29,1737.05,7.308670635,18.48071429,0
0.95,163156.29,1737.05,7.308670635,18.48071429,0
0.9,163156.29,1737.05,7.308670635,18.48071429,0
0.75,163156.29,1737.05,7.308670635,18.48071429,0
1.68,361996.1,3569.09,5.291709251,16.34720705,1
1.37,361996.1,3569.09,5.291709251,16.34720705,1
1.46,361996.1,3569.09,5.291709251,16.34720705,1
1.36,361996.1,3569.09,5.291709251,16.34720705,1
1.31,361996.1,3569.09,5.291709251,16.34720705,1
1.3,361996.1,3569.09,5.291709251,16.34720705,1
1.05,361996.1,3569.09,5.291709251,16.34720705,0
1.41,361996.1,3569.09,5.291709251,16.34720705,1
1.42,361996.1,3569.09,5.291709251,16.34720705,1
1.36,361996.1,3569.09,5.291709251,16.34720705,1
1.16,372266.78,3715.69,5.548177128,16.59960447,1
1.05,372266.78,3715.69,5.548177128,16.59960447,0
1.02,372266.78,3715.69,5.548177128,16.59960447,0
1.03,372266.78,3715.69,5.548177128,16.59960447,0
1.08,372266.78,3715.69,5.548177128,16.59960447,0
1.02,372266.78,3715.69,5.548177128,16.59960447,0
1.06,372266.78,3715.69,5.548177128,16.59960447,0
0.83,372266.78,3715.69,5.548177128,16.59960447,0
1.13,372266.78,3715.69,5.548177128,16.59960447,1
0.69,372266.78,3715.69,5.548177128,16.59960447,0
0.92,383493.75,3817.77,5.859210747,16.93473552,0
1.15,383493.75,3817.77,5.859210747,16.93473552,1
1.04,383493.75,3817.77,5.859210747,16.93473552,0
1.11,383493.75,3817.77,5.859210747,16.93473552,0
0.97,383493.75,3817.77,5.859210747,16.93473552,0
1.12,383493.75,3817.77,5.859210747,16.93473552,1
1.11,383493.75,3817.77,5.859210747,16.93473552,0
0.97,383493.75,3817.77,5.859210747,16.93473552,0
1.07,383493.75,3817.77,5.859210747,16.93473552,0
0.69,383493.75,3817.77,5.859210747,16.93473552,0
0.79,400987.9,3982.19,6.248983051,17.34995157,0
0.78,400987.9,3982.19,6.248983051,17.34995157,0
0.86,400987.9,3982.19,6.248983051,17.34995157,0
0.88,400987.9,3982.19,6.248983051,17.34995157,0
0.93,400987.9,3982.19,6.248983051,17.34995157,0
0.81,400987.9,3982.19,6.248983051,17.34995157,0
0.85,400987.9,3982.19,6.248983051,17.34995157,0
0.77,400987.9,3982.19,6.248983051,17.34995157,0
0.75,400987.9,3982.19,6.248983051,17.34995157,0
0.78,400987.9,3982.19,6.248983051,17.34995157,0
2.18,234032.19,2480.13,5.634646597,16.6852356,2
2.21,234032.19,2480.13,5.634646597,16.6852356,2
2.28,234032.19,2480.13,5.634646597,16.6852356,2
2.17,234032.19,2480.13,5.634646597,16.6852356,2
2.29,234032.19,2480.13,5.634646597,16.6852356,2
2.29,234032.19,2480.13,5.634646597,16.6852356,2
2.06,234032.19,2480.13,5.634646597,16.6852356,2
2.09,234032.19,2480.13,5.634646597,16.6852356,2
2.2,234032.19,2480.13,5.634646597,16.6852356,2
2.18,234032.19,2480.13,5.634646597,16.6852356,2
2.2,234032.19,2480.13,5.634646597,16.6852356,2
1.74,247409.88,2548.6,5.983312422,17.1282936,1
1.68,247409.88,2548.6,5.983312422,17.1282936,1
1.67,247409.88,2548.6,5.983312422,17.1282936,1
1.74,247409.88,2548.6,5.983312422,17.1282936,1
1.76,247409.88,2548.6,5.983312422,17.1282936,1
1.75,247409.88,2548.6,5.983312422,17.1282936,1
1.75,247409.88,2548.6,5.983312422,17.1282936,1
1.7,247409.88,2548.6,5.983312422,17.1282936,1
1.6,247409.88,2548.6,5.983312422,17.1282936,1
1.76,247409.88,2548.6,5.983312422,17.1282936,1
1.3,247409.88,2548.6,5.983312422,17.1282936,1
1.02,259801.52,2627.47,6.807773019,17.95650964,0
0.95,259801.52,2627.47,6.807773019,17.95650964,0
0.95,259801.52,2627.47,6.807773019,17.95650964,0
0.87,259801.52,2627.47,6.807773019,17.95650964,0
0.94,259801.52,2627.47,6.807773019,17.95650964,0
0.96,259801.52,2627.47,6.807773019,17.95650964,0
1.01,259801.52,2627.47,6.807773019,17.95650964,0
0.98,259801.52,2627.47,6.807773019,17.95650964,0
0.93,259801.52,2627.47,6.807773019,17.95650964,0
1.03,259801.52,2627.47,6.807773019,17.95650964,0
0.75,259801.52,2627.47,6.807773019,17.95650964,0
1.06,273619.11,2756.71,6.818754325,18.14455594,0
1.07,273619.11,2756.71,6.818754325,18.14455594,0
1.1,273619.11,2756.71,6.818754325,18.14455594,0
1.06,273619.11,2756.71,6.818754325,18.14455594,0
1.03,273619.11,2756.71,6.818754325,18.14455594,0
0.96,273619.11,2756.71,6.818754325,18.14455594,0
1.01,273619.11,2756.71,6.818754325,18.14455594,0
1.02,273619.11,2756.71,6.818754325,18.14455594,0
1.01,273619.11,2756.71,6.818754325,18.14455594,0
0.93,273619.11,2756.71,6.818754325,18.14455594,0
0.95,273619.11,2756.71,6.818754325,18.14455594,0
2.72,79771.91,996.35,3.253768116,14.35050725,2
2.77,79771.91,996.35,3.253768116,14.35050725,2
2.46,79771.91,996.35,3.253768116,14.35050725,2
2.71,79771.91,996.35,3.253768116,14.35050725,2
2.31,79771.91,996.35,3.253768116,14.35050725,2
2.34,79771.91,996.35,3.253768116,14.35050725,2
2.3,79771.91,996.35,3.253768116,14.35050725,2
2.55,79771.91,996.35,3.253768116,14.35050725,2
2.53,79771.91,996.35,3.253768116,14.35050725,2
2.42,79771.91,996.35,3.253768116,14.35050725,2
2.52,79771.91,996.35,3.253768116,14.35050725,2
2.57,79771.91,996.35,3.253768116,14.35050725,2
2.24,79771.91,996.35,3.253768116,14.35050725,2
1.71,93811.12,1087.45,4.524516129,15.80587097,1
1.84,93811.12,1087.45,4.524516129,15.80587097,1
1.73,93811.12,1087.45,4.524516129,15.80587097,1
1.67,93811.12,1087.45,4.524516129,15.80587097,1
1.76,93811.12,1087.45,4.524516129,15.80587097,1
1.67,93811.12,1087.45,4.524516129,15.80587097,1
1.73,93811.12,1087.45,4.524516129,15.80587097,1
1.8,93811.12,1087.45,4.524516129,15.80587097,1
1.67,93811.12,1087.45,4.524516129,15.80587097,1
1.57,93811.12,1087.45,4.524516129,15.80587097,1
1.72,93811.12,1087.45,4.524516129,15.80587097,1
1.4,93811.12,1087.45,4.524516129,15.80587097,1
1.64,93811.12,1087.45,5.868542274,17.28763848,1
1.57,106233.46,1211.66,5.868542274,17.28763848,1
1.4,106233.46,1211.66,5.868542274,17.28763848,1
1.52,106233.46,1211.66,5.868542274,17.28763848,1
1.43,106233.46,1211.66,5.868542274,17.28763848,1
1.49,106233.46,1211.66,5.868542274,17.28763848,1
1.5,106233.46,1211.66,5.868542274,17.28763848,1
1.38,106233.46,1211.66,5.868542274,17.28763848,1
1.27,106233.46,1211.66,5.868542274,17.28763848,1
1.41,106233.46,1211.66,5.868542274,17.28763848,1
1.4,106233.46,1211.66,5.868542274,17.28763848,1
1.22,106233.46,1211.66,5.868542274,17.28763848,1
1.39,106233.46,1211.66,5.868542274,17.28763848,1
1.46,106233.46,1211.66,5.868542274,17.28763848,1
0.6,120950.35,1272.58,6.756973684,18.39823684,0
0.57,120950.35,1272.58,6.756973684,18.39823684,0
0.67,120950.35,1272.58,6.756973684,18.39823684,0
0.55,120950.35,1272.58,6.756973684,18.39823684,0
0.57,120950.35,1272.58,6.756973684,18.39823684,0
0.58,120950.35,1272.58,6.756973684,18.39823684,0
0.66,120950.35,1272.58,6.756973684,18.39823684,0
0.42,120950.35,1272.58,6.756973684,18.39823684,0
0.42,120950.35,1272.58,6.756973684,18.39823684,0
0.54,120950.35,1272.58,6.756973684,18.39823684,0
0.4,120950.35,1272.58,6.756973684,18.39823684,0
0.47,120950.35,1272.58,6.756973684,18.39823684,0
0.48,120950.35,1272.58,6.756973684,18.39823684,0
2.38,346264.32,3416.84,5.371927498,16.49879752,2
2.53,346264.32,3416.84,5.371927498,16.49879752,2
2.4,346264.32,3416.84,5.371927498,16.49879752,2
2.43,346264.32,3416.84,5.371927498,16.49879752,2
2.3,346264.32,3416.84,5.371927498,16.49879752,2
2.36,346264.32,3416.84,5.371927498,16.49879752,2
2.24,346264.32,3416.84,5.371927498,16.49879752,2
2.12,346264.32,3416.84,5.371927498,16.49879752,2
2.24,346264.32,3416.84,5.371927498,16.49879752,2
2.22,346264.32,3416.84,5.371927498,16.49879752,2
2.36,346264.32,3416.84,5.371927498,16.49879752,2
1.94,358088.32,3598.84,5.649347639,16.77893562,1
1.88,358088.32,3598.84,5.649347639,16.77893562,1
1.98,358088.32,3598.84,5.649347639,16.77893562,2
1.8,358088.32,3598.84,5.649347639,16.77893562,1
1.96,358088.32,3598.84,5.649347639,16.77893562,1
1.88,358088.32,3598.84,5.649347639,16.77893562,1
1.71,358088.32,3598.84,5.649347639,16.77893562,1
1.73,358088.32,3598.84,5.649347639,16.77893562,1
1.85,358088.32,3598.84,5.649347639,16.77893562,1
1.82,358088.32,3598.84,5.649347639,16.77893562,1
1.54,358088.32,3598.84,5.649347639,16.77893562,1
1.62,371244.15,3780.14,5.976935887,17.08483764,1
1.69,371244.15,3780.14,5.976935887,17.08483764,1
1.7,371244.15,3780.14,5.976935887,17.08483764,1
1.62,371244.15,3780.14,5.976935887,17.08483764,1
1.65,371244.15,3780.14,5.976935887,17.08483764,1
1.58,371244.15,3780.14,5.976935887,17.08483764,1
1.5,371244.15,3780.14,5.976935887,17.08483764,1
1.55,371244.15,3780.14,5.976935887,17.08483764,1
1.61,371244.15,3780.14,5.976935887,17.08483764,1
1.56,371244.15,3780.14,5.976935887,17.08483764,1
1.33,371244.15,3780.14,5.976935887,17.08483764,1
1.21,384907.74,3832.34,6.210857605,17.36054207,1
1.29,384907.74,3832.34,6.210857605,17.36054207,1
1.22,384907.74,3832.34,6.210857605,17.36054207,1
1.19,384907.74,3832.34,6.210857605,17.36054207,1
1.26,384907.74,3832.34,6.210857605,17.36054207,1
1.29,384907.74,3832.34,6.210857605,17.36054207,1
1.24,384907.74,3832.34,6.210857605,17.36054207,1
1.2,384907.74,3832.34,6.210857605,17.36054207,1
1.3,384907.74,3832.34,6.210857605,17.36054207,1
1.25,384907.74,3832.34,6.210857605,17.36054207,1
0.84,384907.74,3832.34,6.210857605,17.36054207,0
2.62,198074.42,2043.17,4.370772798,15.62190108,2
2.5,198074.42,2043.17,4.370772798,15.62190108,2
2.33,198074.42,2043.17,4.370772798,15.62190108,2
2.25,198074.42,2043.17,4.370772798,15.62190108,2
2.41,198074.42,2043.17,4.370772798,15.62190108,2
2.49,198074.42,2043.17,4.370772798,15.62190108,2
2.34,198074.42,2043.17,4.370772798,15.62190108,2
2.36,198074.42,2043.17,4.370772798,15.62190108,2
2.34,198074.42,2043.17,4.370772798,15.62190108,2
2.3,198074.42,2043.17,4.370772798,15.62190108,2
2.26,198074.42,2043.17,4.370772798,15.62190108,2
2.36,198074.42,2043.17,4.370772798,15.62190108,2
2.29,198074.42,2043.17,4.370772798,15.62190108,2
1.6,208057.01,2160.44,4.766359584,16.0279049,1
1.52,208057.01,2160.44,4.766359584,16.0279049,1
1.47,208057.01,2160.44,4.766359584,16.0279049,1
1.49,208057.01,2160.44,4.766359584,16.0279049,1
1.59,208057.01,2160.44,4.766359584,16.0279049,1
1.5,208057.01,2160.44,4.766359584,16.0279049,1
1.54,208057.01,2160.44,4.766359584,16.0279049,1
1.45,208057.01,2160.44,4.766359584,16.0279049,1
1.26,208057.01,2160.44,4.766359584,16.0279049,1
1.48,208057.01,2160.44,4.766359584,16.0279049,1
1.51,208057.01,2160.44,4.766359584,16.0279049,1
1.5,208057.01,2160.44,4.766359584,16.0279049,1
1.32,208057.01,2160.44,4.766359584,16.0279049,1
1.17,220025.4,2382.58,5.382951977,16.57200565,1
1.23,220025.4,2382.58,5.382951977,16.57200565,1
1.21,220025.4,2382.58,5.382951977,16.57200565,1
1.26,220025.4,2382.58,5.382951977,16.57200565,1
1.21,220025.4,2382.58,5.382951977,16.57200565,1
1.22,220025.4,2382.58,5.382951977,16.57200565,1
1.22,220025.4,2382.58,5.382951977,16.57200565,1
1.1,220025.4,2382.58,5.382951977,16.57200565,0
1.13,220025.4,2382.58,5.382951977,16.57200565,1
1.23,220025.4,2382.58,5.382951977,16.57200565,1
1.1,220025.4,2382.58,5.382951977,16.57200565,0
1.12,220025.4,2382.58,5.382951977,16.57200565,1
1.14,220025.4,2382.58,5.382951977,16.57200565,1
0.84,236439.38,2431.7,5.891001335,17.13734312,0
0.96,236439.38,2431.7,5.891001335,17.13734312,0
0.98,236439.38,2431.7,5.891001335,17.13734312,0
0.99,236439.38,2431.7,5.891001335,17.13734312,0
1.03,236439.38,2431.7,5.891001335,17.13734312,0
0.97,236439.38,2431.7,5.891001335,17.13734312,0
0.85,236439.38,2431.7,5.891001335,17.13734312,0
0.94,236439.38,2431.7,5.891001335,17.13734312,0
0.84,236439.38,2431.7,5.891001335,17.13734312,0
0.88,236439.38,2431.7,5.891001335,17.13734312,0
0.82,236439.38,2431.7,5.891001335,17.13734312,0
0.77,236439.38,2431.7,5.891001335,17.13734312,0
0.91,236439.38,2431.7,5.891001335,17.13734312,0
1.64,315050.09,3307.53,4.124489594,15.37908821,1
1.36,315050.09,3307.53,4.124489594,15.37908821,1
1.51,315050.09,3307.53,4.124489594,15.37908821,1
1.52,315050.09,3307.53,4.124489594,15.37908821,1
1.56,315050.09,3307.53,4.124489594,15.37908821,1
1.54,315050.09,3307.53,4.124489594,15.37908821,1
1.44,315050.09,3307.53,4.124489594,15.37908821,1
1.58,315050.09,3307.53,4.124489594,15.37908821,1
1.47,315050.09,3307.53,4.124489594,15.37908821,1
1.54,315050.09,3307.53,4.124489594,15.37908821,1
1.49,315050.09,3307.53,4.124489594,15.37908821,1
1.28,315050.09,3307.53,4.124489594,15.37908821,1
1.27,315050.09,3307.53,4.124489594,15.37908821,1
1.33,327376.19,3477.61,4.505417066,15.75848514,1
1.36,327376.19,3477.61,4.505417066,15.75848514,1
1.27,327376.19,3477.61,4.505417066,15.75848514,1
1.36,327376.19,3477.61,4.505417066,15.75848514,1
1.25,327376.19,3477.61,4.505417066,15.75848514,1
1.34,327376.19,3477.61,4.505417066,15.75848514,1
1.31,327376.19,3477.61,4.505417066,15.75848514,1
1.25,327376.19,3477.61,4.505417066,15.75848514,1
1.25,327376.19,3477.61,4.505417066,15.75848514,1
1.3,327376.19,3477.61,4.505417066,15.75848514,1
1.16,327376.19,3477.61,4.505417066,15.75848514,1
1.14,327376.19,3477.61,4.505417066,15.75848514,1
1.15,327376.19,3477.61,4.505417066,15.75848514,1
0.87,339554.69,3603.04,4.796666667,16.04993482,0
0.84,339554.69,3603.04,4.796666667,16.04993482,0
0.74,339554.69,3603.04,4.796666667,16.04993482,0
0.9,339554.69,3603.04,4.796666667,16.04993482,0
0.84,339554.69,3603.04,4.796666667,16.04993482,0
0.82,339554.69,3603.04,4.796666667,16.04993482,0
0.84,339554.69,3603.04,4.796666667,16.04993482,0
0.89,339554.69,3603.04,4.796666667,16.04993482,0
0.77,339554.69,3603.04,4.796666667,16.04993482,0
0.79,339554.69,3603.04,4.796666667,16.04993482,0
0.82,339554.69,3603.04,4.796666667,16.04993482,0
0.65,339554.69,3603.04,4.796666667,16.04993482,0
0.8,339554.69,3603.04,4.796666667,16.04993482,0
0.73,354549.19,3726.33,5.185969479,16.44598743,0
0.82,354549.19,3726.33,5.185969479,16.44598743,0
0.72,354549.19,3726.33,5.185969479,16.44598743,0
0.78,354549.19,3726.33,5.185969479,16.44598743,0
0.77,354549.19,3726.33,5.185969479,16.44598743,0
0.7,354549.19,3726.33,5.185969479,16.44598743,0
0.71,354549.19,3726.33,5.185969479,16.44598743,0
0.73,354549.19,3726.33,5.185969479,16.44598743,0
0.79,354549.19,3726.33,5.185969479,16.44598743,0
0.75,354549.19,3726.33,5.185969479,16.44598743,0
0.67,354549.19,3726.33,5.185969479,16.44598743,0
0.77,354549.19,3726.33,5.185969479,16.44598743,0
0.66,354549.19,3726.33,5.185969479,16.44598743,0
2.42,127496.57,1237.04,3.987419355,15.27359801,2
2.15,127496.57,1237.04,3.987419355,15.27359801,2
2.19,127496.57,1237.04,3.987419355,15.27359801,2
2.23,127496.57,1237.04,3.987419355,15.27359801,2
2.1,127496.57,1237.04,3.987419355,15.27359801,2
2.26,127496.57,1237.04,3.987419355,15.27359801,2
2.46,127496.57,1237.04,3.987419355,15.27359801,2
2.05,127496.57,1237.04,3.987419355,15.27359801,2
2.15,127496.57,1237.04,3.987419355,15.27359801,2
2.12,127496.57,1237.04,3.987419355,15.27359801,2
2.28,140010.34,1414.61,4.872036613,16.1710984,2
2.25,140010.34,1414.61,4.872036613,16.1710984,2
2.25,140010.34,1414.61,4.872036613,16.1710984,2
2.36,140010.34,1414.61,4.872036613,16.1710984,2
2.27,140010.34,1414.61,4.872036613,16.1710984,2
2.18,140010.34,1414.61,4.872036613,16.1710984,2
1.98,140010.34,1414.61,4.872036613,16.1710984,2
2.31,140010.34,1414.61,4.872036613,16.1710984,2
2,140010.34,1414.61,4.872036613,16.1710984,2
2.07,140010.34,1414.61,4.872036613,16.1710984,2
1.71,156602.97,1542.63,5.71302714,17.02663883,1
1.66,156602.97,1542.63,5.71302714,17.02663883,1
1.67,156602.97,1542.63,5.71302714,17.02663883,1
1.62,156602.97,1542.63,5.71302714,17.02663883,1
1.56,156602.97,1542.63,5.71302714,17.02663883,1
1.7,156602.97,1542.63,5.71302714,17.02663883,1
1.56,156602.97,1542.63,5.71302714,17.02663883,1
1.52,156602.97,1542.63,5.71302714,17.02663883,1
1.58,156602.97,1542.63,5.71302714,17.02663883,1
1.63,156602.97,1542.63,5.71302714,17.02663883,1
1.42,165651.16,1614.6,6.197003968,17.5355754,1
1.38,165651.16,1614.6,6.197003968,17.5355754,1
1.45,165651.16,1614.6,6.197003968,17.5355754,1
1.41,165651.16,1614.6,6.197003968,17.5355754,1
1.43,165651.16,1614.6,6.197003968,17.5355754,1
1.35,165651.16,1614.6,6.197003968,17.5355754,1
1.4,165651.16,1614.6,6.197003968,17.5355754,1
1.17,165651.16,1614.6,6.197003968,17.5355754,1
1.31,165651.16,1614.6,6.197003968,17.5355754,1
1.26,165651.16,1614.6,6.197003968,17.5355754,1
2.31,431184.35,4457.5,4.120014545,15.26267636,2
2.24,431184.35,4457.5,4.120014545,15.26267636,2
2.16,431184.35,4457.5,4.120014545,15.26267636,2
2.21,431184.35,4457.5,4.120014545,15.26267636,2
2.26,431184.35,4457.5,4.120014545,15.26267636,2
2.1,431184.35,4457.5,4.120014545,15.26267636,2
2.26,431184.35,4457.5,4.120014545,15.26267636,2
2.11,431184.35,4457.5,4.120014545,15.26267636,2
2.09,431184.35,4457.5,4.120014545,15.26267636,2
2.14,431184.35,4457.5,4.120014545,15.26267636,2
2.04,431184.35,4457.5,4.120014545,15.26267636,2
1.99,431184.35,4457.5,4.120014545,15.26267636,2
2,431184.35,4457.5,4.120014545,15.26267636,2
1.54,442999.55,4763.93,4.415815603,15.52352482,1
1.51,442999.55,4763.93,4.415815603,15.52352482,1
1.62,442999.55,4763.93,4.415815603,15.52352482,1
1.55,442999.55,4763.93,4.415815603,15.52352482,1
1.57,442999.55,4763.93,4.415815603,15.52352482,1
1.42,442999.55,4763.93,4.415815603,15.52352482,1
1.36,442999.55,4763.93,4.415815603,15.52352482,1
1.46,442999.55,4763.93,4.415815603,15.52352482,1
1.51,442999.55,4763.93,4.415815603,15.52352482,1
1.39,442999.55,4763.93,4.415815603,15.52352482,1
1.41,442999.55,4763.93,4.415815603,15.52352482,1
1.39,442999.55,4763.93,4.415815603,15.52352482,1
1.33,442999.55,4763.93,4.415815603,15.52352482,1
0.63,453827.56,4926.91,4.654944367,15.74800417,0
0.66,453827.56,4926.91,4.654944367,15.74800417,0
0.78,453827.56,4926.91,4.654944367,15.74800417,0
0.63,453827.56,4926.91,4.654944367,15.74800417,0
0.67,453827.56,4926.91,4.654944367,15.74800417,0
0.77,453827.56,4926.91,4.654944367,15.74800417,0
0.63,453827.56,4926.91,4.654944367,15.74800417,0
0.58,453827.56,4926.91,4.654944367,15.74800417,0
0.58,453827.56,4926.91,4.654944367,15.74800417,0
0.59,453827.56,4926.91,4.654944367,15.74800417,0
0.66,453827.56,4926.91,4.654944367,15.74800417,0
0.43,453827.56,4926.91,4.654944367,15.74800417,0
0.65,453827.56,4926.91,4.654944367,15.74800417,0
0.36,469472.57,5006.9,4.939729364,16.05583221,0
0.37,469472.57,5006.9,4.939729364,16.05583221,0
0.4,469472.57,5006.9,4.939729364,16.05583221,0
0.35,469472.57,5006.9,4.939729364,16.05583221,0
0.39,469472.57,5006.9,4.939729364,16.05583221,0
0.36,469472.57,5006.9,4.939729364,16.05583221,0
0.41,469472.57,5006.9,4.939729364,16.05583221,0
0.3,469472.57,5006.9,4.939729364,16.05583221,0
0.37,469472.57,5006.9,4.939729364,16.05583221,0
0.35,469472.57,5006.9,4.939729364,16.05583221,0
0.34,469472.57,5006.9,4.939729364,16.05583221,0
0.2,469472.57,5006.9,4.939729364,16.05583221,0
0.32,469472.57,5006.9,4.939729364,16.05583221,0
2.81,240727.78,2155.61,3.807428198,14.94236292,2
2.67,240727.78,2155.61,3.807428198,14.94236292,2
2.92,240727.78,2155.61,3.807428198,14.94236292,2
2.71,240727.78,2155.61,3.807428198,14.94236292,2
2.8,240727.78,2155.61,3.807428198,14.94236292,2
2.67,240727.78,2155.61,3.807428198,14.94236292,2
2.62,240727.78,2155.61,3.807428198,14.94236292,2
2.53,240727.78,2155.61,3.807428198,14.94236292,2
2.56,240727.78,2155.61,3.807428198,14.94236292,2
2.47,240727.78,2155.61,3.807428198,14.94236292,2
2.47,240727.78,2155.61,3.807428198,14.94236292,2
2.51,240727.78,2155.61,3.807428198,14.94236292,2
2.53,240727.78,2155.61,3.807428198,14.94236292,2
2.44,240727.78,2155.61,3.807428198,14.94236292,2
2.42,240727.78,2155.61,3.807428198,14.94236292,2
1.93,250673.04,2332.16,4.242540881,15.3531195,1
1.83,250673.04,2332.16,4.242540881,15.3531195,1
1.84,250673.04,2332.16,4.242540881,15.3531195,1
1.94,250673.04,2332.16,4.242540881,15.3531195,1
1.86,250673.04,2332.16,4.242540881,15.3531195,1
1.9,250673.04,2332.16,4.242540881,15.3531195,1
1.88,250673.04,2332.16,4.242540881,15.3531195,1
1.78,250673.04,2332.16,4.242540881,15.3531195,1
1.83,250673.04,2332.16,4.242540881,15.3531195,1
1.74,250673.04,2332.16,4.242540881,15.3531195,1
1.74,250673.04,2332.16,4.242540881,15.3531195,1
1.76,250673.04,2332.16,4.242540881,15.3531195,1
1.68,250673.04,2332.16,4.242540881,15.3531195,1
1.87,250673.04,2332.16,4.242540881,15.3531195,1
1.6,250673.04,2332.16,4.242540881,15.3531195,1
1.73,264792.31,2452.18,4.71713253,15.84166265,1
1.76,264792.31,2452.18,4.71713253,15.84166265,1
1.66,264792.31,2452.18,4.71713253,15.84166265,1
1.74,264792.31,2452.18,4.71713253,15.84166265,1
1.69,264792.31,2452.18,4.71713253,15.84166265,1
1.76,264792.31,2452.18,4.71713253,15.84166265,1
1.9,264792.31,2452.18,4.71713253,15.84166265,1
1.98,264792.31,2452.18,4.71713253,15.84166265,2
1.61,264792.31,2452.18,4.71713253,15.84166265,1
1.66,264792.31,2452.18,4.71713253,15.84166265,1
1.75,264792.31,2452.18,4.71713253,15.84166265,1
1.75,264792.31,2452.18,4.71713253,15.84166265,1
1.67,264792.31,2452.18,4.71713253,15.84166265,1
1.73,264792.31,2452.18,4.71713253,15.84166265,1
1.53,264792.31,2452.18,4.71713253,15.84166265,1
0.94,279780.39,2534.37,5.179332566,16.39226697,0
0.84,279780.39,2534.37,5.179332566,16.39226697,0
0.93,279780.39,2534.37,5.179332566,16.39226697,0
0.89,279780.39,2534.37,5.179332566,16.39226697,0
0.97,279780.39,2534.37,5.179332566,16.39226697,0
0.91,279780.39,2534.37,5.179332566,16.39226697,0
0.82,279780.39,2534.37,5.179332566,16.39226697,0
0.81,279780.39,2534.37,5.179332566,16.39226697,0
0.92,279780.39,2534.37,5.179332566,16.39226697,0
0.9,279780.39,2534.37,5.179332566,16.39226697,0
0.72,279780.39,2534.37,5.179332566,16.39226697,0
0.88,279780.39,2534.37,5.179332566,16.39226697,0
0.88,279780.39,2534.37,5.179332566,16.39226697,0
0.63,279780.39,2534.37,5.179332566,16.39226697,0
0.74,279780.39,2534.37,5.179332566,16.39226697,0
2.62,119766.11,1173.67,4.267780749,15.16181818,2
2.56,119766.11,1173.67,4.267780749,15.16181818,2
2.6,119766.11,1173.67,4.267780749,15.16181818,2
2.65,119766.11,1173.67,4.267780749,15.16181818,2
2.58,119766.11,1173.67,4.267780749,15.16181818,2
2.68,119766.11,1173.67,4.267780749,15.16181818,2
2.8,119766.11,1173.67,4.267780749,15.16181818,2
2.35,119766.11,1173.67,4.267780749,15.16181818,2
2.32,119766.11,1173.67,4.267780749,15.16181818,2
2.48,119766.11,1173.67,4.267780749,15.16181818,2
2.71,119766.11,1173.67,4.267780749,15.16181818,2
2.55,119766.11,1173.67,4.267780749,15.16181818,2
2.64,119766.11,1173.67,4.267780749,15.16181818,2
2.08,131581.31,1480.1,5.274889976,16.0697066,2
2.2,131581.31,1480.1,5.274889976,16.0697066,2
2.05,131581.31,1480.1,5.274889976,16.0697066,2
2.03,131581.31,1480.1,5.274889976,16.0697066,2
2.01,131581.31,1480.1,5.274889976,16.0697066,2
2.1,131581.31,1480.1,5.274889976,16.0697066,2
2.14,131581.31,1480.1,5.274889976,16.0697066,2
2.09,131581.31,1480.1,5.274889976,16.0697066,2
2.02,131581.31,1480.1,5.274889976,16.0697066,2
2.02,131581.31,1480.1,5.274889976,16.0697066,2
2.16,131581.31,1480.1,5.274889976,16.0697066,2
2.16,131581.31,1480.1,5.274889976,16.0697066,2
1.87,131581.31,1480.1,5.274889976,16.0697066,1
1.48,142409.32,1643.08,6.006727689,16.77338673,1
1.49,142409.32,1643.08,6.006727689,16.77338673,1
1.29,142409.32,1643.08,6.006727689,16.77338673,1
1.24,142409.32,1643.08,6.006727689,16.77338673,1
1.18,142409.32,1643.08,6.006727689,16.77338673,1
1.23,142409.32,1643.08,6.006727689,16.77338673,1
1.28,142409.32,1643.08,6.006727689,16.77338673,1
1.36,142409.32,1643.08,6.006727689,16.77338673,1
1.38,142409.32,1643.08,6.006727689,16.77338673,1
1.42,142409.32,1643.08,6.006727689,16.77338673,1
1.35,142409.32,1643.08,6.006727689,16.77338673,1
1.15,142409.32,1643.08,6.006727689,16.77338673,1
1.06,142409.32,1643.08,6.006727689,16.77338673,0
0.89,158054.33,1723.07,6.775786164,17.64121593,0
0.88,158054.33,1723.07,6.775786164,17.64121593,0
0.94,158054.33,1723.07,6.775786164,17.64121593,0
0.93,158054.33,1723.07,6.775786164,17.64121593,0
1,158054.33,1723.07,6.775786164,17.64121593,0
0.92,158054.33,1723.07,6.775786164,17.64121593,0
0.85,158054.33,1723.07,6.775786164,17.64121593,0
0.92,158054.33,1723.07,6.775786164,17.64121593,0
0.96,158054.33,1723.07,6.775786164,17.64121593,0
0.88,158054.33,1723.07,6.775786164,17.64121593,0
1,158054.33,1723.07,6.775786164,17.64121593,0
0.97,158054.33,1723.07,6.775786164,17.64121593,0
0.88,158054.33,1723.07,6.775786164,17.64121593,0
2.76,352217.36,3199.81,4.384876325,15.6335689,2
2.82,352217.36,3199.81,4.384876325,15.6335689,2
2.7,352217.36,3199.81,4.384876325,15.6335689,2
2.65,352217.36,3199.81,4.384876325,15.6335689,2
3.42,352217.36,3199.81,4.384876325,15.6335689,2
2.56,352217.36,3199.81,4.384876325,15.6335689,2
2.81,352217.36,3199.81,4.384876325,15.6335689,2
2.55,352217.36,3199.81,4.384876325,15.6335689,2
2.67,352217.36,3199.81,4.384876325,15.6335689,2
2.51,352217.36,3199.81,4.384876325,15.6335689,2
2.27,352217.36,3199.81,4.384876325,15.6335689,2
2.4,352217.36,3199.81,4.384876325,15.6335689,2
2.93,352217.36,3199.81,4.384876325,15.6335689,2
2.77,352217.36,3199.81,4.384876325,15.6335689,2
2.7,352217.36,3199.81,4.384876325,15.6335689,2
2.65,372121.27,3289.44,4.840364098,16.15087214,2
2.21,372121.27,3289.44,4.840364098,16.15087214,2
2.6,372121.27,3289.44,4.840364098,16.15087214,2
2.45,372121.27,3289.44,4.840364098,16.15087214,2
2.65,372121.27,3289.44,4.840364098,16.15087214,2
2.62,372121.27,3289.44,4.840364098,16.15087214,2
2.39,372121.27,3289.44,4.840364098,16.15087214,2
2.69,372121.27,3289.44,4.840364098,16.15087214,2
2.83,372121.27,3289.44,4.840364098,16.15087214,2
2.77,372121.27,3289.44,4.840364098,16.15087214,2
2.53,372121.27,3289.44,4.840364098,16.15087214,2
2.56,372121.27,3289.44,4.840364098,16.15087214,2
2.62,372121.27,3289.44,4.840364098,16.15087214,2
2.74,372121.27,3289.44,4.840364098,16.15087214,2
2.13,372121.27,3289.44,4.840364098,16.15087214,2
1.19,384510.74,3379.62,5.242376645,16.56509046,1
0.89,384510.74,3379.62,5.242376645,16.56509046,0
1.08,384510.74,3379.62,5.242376645,16.56509046,0
0.99,384510.74,3379.62,5.242376645,16.56509046,0
1.07,384510.74,3379.62,5.242376645,16.56509046,0
1.15,384510.74,3379.62,5.242376645,16.56509046,1
0.99,384510.74,3379.62,5.242376645,16.56509046,0
1.19,384510.74,3379.62,5.242376645,16.56509046,1
1.18,384510.74,3379.62,5.242376645,16.56509046,1
1.18,384510.74,3379.62,5.242376645,16.56509046,1
1.03,384510.74,3379.62,5.242376645,16.56509046,0
1.16,384510.74,3379.62,5.242376645,16.56509046,1
1.07,384510.74,3379.62,5.242376645,16.56509046,0
1.11,384510.74,3379.62,5.242376645,16.56509046,0
0.97,384510.74,3379.62,5.242376645,16.56509046,0
0.91,398400.57,3469.17,5.5192749,16.91188845,0
0.64,398400.57,3469.17,5.5192749,16.91188845,0
0.9,398400.57,3469.17,5.5192749,16.91188845,0
0.85,398400.57,3469.17,5.5192749,16.91188845,0
0.9,398400.57,3469.17,5.5192749,16.91188845,0
0.98,398400.57,3469.17,5.5192749,16.91188845,0
0.83,398400.57,3469.17,5.5192749,16.91188845,0
0.9,398400.57,3469.17,5.5192749,16.91188845,0
1,398400.57,3469.17,5.5192749,16.91188845,0
0.94,398400.57,3469.17,5.5192749,16.91188845,0
0.95,398400.57,3469.17,5.5192749,16.91188845,0
0.85,398400.57,3469.17,5.5192749,16.91188845,0
0.95,398400.57,3469.17,5.5192749,16.91188845,0
0.9,398400.57,3469.17,5.5192749,16.91188845,0
0.82,398400.57,3469.17,5.5192749,16.91188845,0
2.24,231402.67,2478.27,5.055652174,16.05476902,2
2.05,231402.67,2478.27,5.055652174,16.05476902,2
2.23,231402.67,2478.27,5.055652174,16.05476902,2
2.13,231402.67,2478.27,5.055652174,16.05476902,2
2.1,231402.67,2478.27,5.055652174,16.05476902,2
2.22,231402.67,2478.27,5.055652174,16.05476902,2
2.31,231402.67,2478.27,5.055652174,16.05476902,2
2.13,231402.67,2478.27,5.055652174,16.05476902,2
2.12,231402.67,2478.27,5.055652174,16.05476902,2
2.12,231402.67,2478.27,5.055652174,16.05476902,2
2.52,231402.67,2478.27,5.055652174,16.05476902,2
2.39,231402.67,2478.27,5.055652174,16.05476902,2
2.14,231402.67,2478.27,5.055652174,16.05476902,2
1.75,243903.24,2563,5.498422425,16.54314211,1
1.82,243903.24,2563,5.498422425,16.54314211,1
1.55,243903.24,2563,5.498422425,16.54314211,1
1.6,243903.24,2563,5.498422425,16.54314211,1
1.4,243903.24,2563,5.498422425,16.54314211,1
1.58,243903.24,2563,5.498422425,16.54314211,1
1.77,243903.24,2563,5.498422425,16.54314211,1
1.8,243903.24,2563,5.498422425,16.54314211,1
1.89,243903.24,2563,5.498422425,16.54314211,1
1.71,243903.24,2563,5.498422425,16.54314211,1
1.93,243903.24,2563,5.498422425,16.54314211,1
1.97,243903.24,2563,5.498422425,16.54314211,1
1.61,243903.24,2563,5.498422425,16.54314211,1
1.47,256313.61,2658.89,5.995425,17.05275,1
1.48,256313.61,2658.89,5.995425,17.05275,1
1.41,256313.61,2658.89,5.995425,17.05275,1
1.51,256313.61,2658.89,5.995425,17.05275,1
1.42,256313.61,2658.89,5.995425,17.05275,1
1.37,256313.61,2658.89,5.995425,17.05275,1
1.5,256313.61,2658.89,5.995425,17.05275,1
1.58,256313.61,2658.89,5.995425,17.05275,1
1.48,256313.61,2658.89,5.995425,17.05275,1
1.49,256313.61,2658.89,5.995425,17.05275,1
1.54,256313.61,2658.89,5.995425,17.05275,1
1.32,256313.61,2658.89,5.995425,17.05275,1
1.38,256313.61,2658.89,5.995425,17.05275,1
1.28,271314.29,2850.26,6.592339667,17.64296912,1
1.45,271314.29,2850.26,6.592339667,17.64296912,1
1.28,271314.29,2850.26,6.592339667,17.64296912,1
1.27,271314.29,2850.26,6.592339667,17.64296912,1
1.25,271314.29,2850.26,6.592339667,17.64296912,1
1.21,271314.29,2850.26,6.592339667,17.64296912,1
1.35,271314.29,2850.26,6.592339667,17.64296912,1
1.23,271314.29,2850.26,6.592339667,17.64296912,1
1.18,271314.29,2850.26,6.592339667,17.64296912,1
1.12,271314.29,2850.26,6.592339667,17.64296912,1
1.42,271314.29,2850.26,6.592339667,17.64296912,1
1.22,271314.29,2850.26,6.592339667,17.64296912,1
1.22,271314.29,2850.26,6.592339667,17.64296912,1
1.54,354227.26,3958.13,5.97701677,17.01488085,1
1.58,354227.26,3958.13,5.97701677,17.01488085,1
1.44,354227.26,3958.13,5.97701677,17.01488085,1
1.4,354227.26,3958.13,5.97701677,17.01488085,1
1.34,354227.26,3958.13,5.97701677,17.01488085,1
1.35,354227.26,3958.13,5.97701677,17.01488085,1
1.45,354227.26,3958.13,5.97701677,17.01488085,1
1.8,354227.26,3958.13,5.97701677,17.01488085,1
1.32,354227.26,3958.13,5.97701677,17.01488085,1
1.29,354227.26,3958.13,5.97701677,17.01488085,1
1.44,354227.26,3958.13,5.97701677,17.01488085,1
1.41,354227.26,3958.13,5.97701677,17.01488085,1
1.18,354227.26,3958.13,5.97701677,17.01488085,1
1.29,366093.1,4164.68,6.265661512,17.30103093,1
1.25,366093.1,4164.68,6.265661512,17.30103093,1
1.14,366093.1,4164.68,6.265661512,17.30103093,1
1.21,366093.1,4164.68,6.265661512,17.30103093,1
1.12,366093.1,4164.68,6.265661512,17.30103093,1
1.15,366093.1,4164.68,6.265661512,17.30103093,1
1.2,366093.1,4164.68,6.265661512,17.30103093,1
1.33,366093.1,4164.68,6.265661512,17.30103093,1
1.2,366093.1,4164.68,6.265661512,17.30103093,1
1.2,366093.1,4164.68,6.265661512,17.30103093,1
1.28,366093.1,4164.68,6.265661512,17.30103093,1
1.15,366093.1,4164.68,6.265661512,17.30103093,1
1.04,366093.1,4164.68,6.265661512,17.30103093,0
1,382323.67,4290.11,6.542079536,17.58241922,0
0.91,382323.67,4290.11,6.542079536,17.58241922,0
0.82,382323.67,4290.11,6.542079536,17.58241922,0
0.86,382323.67,4290.11,6.542079536,17.58241922,0
0.87,382323.67,4290.11,6.542079536,17.58241922,0
0.81,382323.67,4290.11,6.542079536,17.58241922,0
0.85,382323.67,4290.11,6.542079536,17.58241922,0
0.91,382323.67,4290.11,6.542079536,17.58241922,0
0.89,382323.67,4290.11,6.542079536,17.58241922,0
0.82,382323.67,4290.11,6.542079536,17.58241922,0
0.95,382323.67,4290.11,6.542079536,17.58241922,0
0.89,382323.67,4290.11,6.542079536,17.58241922,0
0.7,382323.67,4290.11,6.542079536,17.58241922,0
3.06,120654.92,1108.86,6.444035533,17.81994924,2
3.05,120654.92,1108.86,6.444035533,17.81994924,2
3.11,120654.92,1108.86,6.444035533,17.81994924,2
2.9,120654.92,1108.86,6.444035533,17.81994924,2
2.95,120654.92,1108.86,6.444035533,17.81994924,2
3.15,120654.92,1108.86,6.444035533,17.81994924,2
3.11,120654.92,1108.86,6.444035533,17.81994924,2
3.03,120654.92,1108.86,6.444035533,17.81994924,2
3.06,120654.92,1108.86,6.444035533,17.81994924,2
2.93,120654.92,1108.86,6.444035533,17.81994924,2
3.08,120654.92,1108.86,6.444035533,17.81994924,2
2.98,120654.92,1108.86,6.444035533,17.81994924,2
3.18,120654.92,1108.86,6.444035533,17.81994924,2
3.08,120654.92,1108.86,6.444035533,17.81994924,2
3.16,120654.92,1108.86,6.444035533,17.81994924,2
1.66,133530.36,1212.91,7.061194379,18.44625293,1
1.71,133530.36,1212.91,7.061194379,18.44625293,1
1.78,133530.36,1212.91,7.061194379,18.44625293,1
1.64,133530.36,1212.91,7.061194379,18.44625293,1
1.73,133530.36,1212.91,7.061194379,18.44625293,1
1.71,133530.36,1212.91,7.061194379,18.44625293,1
1.62,133530.36,1212.91,7.061194379,18.44625293,1
1.83,133530.36,1212.91,7.061194379,18.44625293,1
1.67,133530.36,1212.91,7.061194379,18.44625293,1
1.76,133530.36,1212.91,7.061194379,18.44625293,1
1.61,133530.36,1212.91,7.061194379,18.44625293,1
1.8,133530.36,1212.91,7.061194379,18.44625293,1
1.82,133530.36,1212.91,7.061194379,18.44625293,1
1.68,133530.36,1212.91,7.061194379,18.44625293,1
1.8,133530.36,1212.91,7.061194379,18.44625293,1
1.97,146726.56,1378.02,7.778311688,19.1375974,1
2.11,146726.56,1378.02,7.778311688,19.1375974,2
1.99,146726.56,1378.02,7.778311688,19.1375974,2
2.01,146726.56,1378.02,7.778311688,19.1375974,2
2.06,146726.56,1378.02,7.778311688,19.1375974,2
2.11,146726.56,1378.02,7.778311688,19.1375974,2
2.04,146726.56,1378.02,7.778311688,19.1375974,2
2.09,146726.56,1378.02,7.778311688,19.1375974,2
2.02,146726.56,1378.02,7.778311688,19.1375974,2
1.96,146726.56,1378.02,7.778311688,19.1375974,1
1.88,146726.56,1378.02,7.778311688,19.1375974,1
2.15,146726.56,1378.02,7.778311688,19.1375974,2
2.15,146726.56,1378.02,7.778311688,19.1375974,2
1.93,146726.56,1378.02,7.778311688,19.1375974,1
2.1,146726.56,1378.02,7.778311688,19.1375974,2
1.16,161171.53,1423.56,8.210921844,19.630501,1
1.08,161171.53,1423.56,8.210921844,19.630501,0
1.1,161171.53,1423.56,8.210921844,19.630501,0
1.11,161171.53,1423.56,8.210921844,19.630501,0
1.04,161171.53,1423.56,8.210921844,19.630501,0
1.12,161171.53,1423.56,8.210921844,19.630501,1
1.13,161171.53,1423.56,8.210921844,19.630501,1
1.14,161171.53,1423.56,8.210921844,19.630501,1
1.06,161171.53,1423.56,8.210921844,19.630501,0
1.06,161171.53,1423.56,8.210921844,19.630501,0
1.01,161171.53,1423.56,8.210921844,19.630501,0
1.16,161171.53,1423.56,8.210921844,19.630501,1
1.2,161171.53,1423.56,8.210921844,19.630501,1
1.1,161171.53,1423.56,8.210921844,19.630501,0
1.22,161171.53,1423.56,8.210921844,19.630501,1
1.8,233501.8,2194.04,5.513855263,16.81431579,1
1.8,233501.8,2194.04,5.513855263,16.81431579,1
1.73,233501.8,2194.04,5.513855263,16.81431579,1
1.69,233501.8,2194.04,5.513855263,16.81431579,1
1.58,233501.8,2194.04,5.513855263,16.81431579,1
1.57,233501.8,2194.04,5.513855263,16.81431579,1
1.65,233501.8,2194.04,5.513855263,16.81431579,1
1.6,233501.8,2194.04,5.513855263,16.81431579,1
1.67,233501.8,2194.04,5.513855263,16.81431579,1
1.65,233501.8,2194.04,5.513855263,16.81431579,1
1.83,233501.8,2194.04,5.513855263,16.81431579,1
1.72,233501.8,2194.04,5.513855263,16.81431579,1
1.83,233501.8,2194.04,5.513855263,16.81431579,1
1.4,233501.8,2194.04,5.513855263,16.81431579,1
1.45,233501.8,2194.04,5.513855263,16.81431579,1
1.78,247205.72,2351.24,6.029285714,17.32293233,1
1.69,247205.72,2351.24,6.029285714,17.32293233,1
1.68,247205.72,2351.24,6.029285714,17.32293233,1
1.63,247205.72,2351.24,6.029285714,17.32293233,1
1.56,247205.72,2351.24,6.029285714,17.32293233,1
1.69,247205.72,2351.24,6.029285714,17.32293233,1
1.7,247205.72,2351.24,6.029285714,17.32293233,1
1.69,247205.72,2351.24,6.029285714,17.32293233,1
1.62,247205.72,2351.24,6.029285714,17.32293233,1
1.8,247205.72,2351.24,6.029285714,17.32293233,1
1.89,247205.72,2351.24,6.029285714,17.32293233,1
1.79,247205.72,2351.24,6.029285714,17.32293233,1
1.89,247205.72,2351.24,6.029285714,17.32293233,1
1.73,247205.72,2351.24,6.029285714,17.32293233,1
1.71,247205.72,2351.24,6.029285714,17.32293233,1
1.96,258669.97,2432.13,6.430434258,17.73143546,1
1.98,258669.97,2432.13,6.430434258,17.73143546,2
1.78,258669.97,2432.13,6.430434258,17.73143546,1
1.85,258669.97,2432.13,6.430434258,17.73143546,1
1.79,258669.97,2432.13,6.430434258,17.73143546,1
1.61,258669.97,2432.13,6.430434258,17.73143546,1
2.12,258669.97,2432.13,6.430434258,17.73143546,2
1.68,258669.97,2432.13,6.430434258,17.73143546,1
1.8,258669.97,2432.13,6.430434258,17.73143546,1
1.91,258669.97,2432.13,6.430434258,17.73143546,1
1.94,258669.97,2432.13,6.430434258,17.73143546,1
2.08,258669.97,2432.13,6.430434258,17.73143546,2
2,258669.97,2432.13,6.430434258,17.73143546,2
2.07,258669.97,2432.13,6.430434258,17.73143546,2
1.72,258669.97,2432.13,6.430434258,17.73143546,1
1.3,271435.51,2521.06,6.890393519,18.18484954,1
1.28,271435.51,2521.06,6.890393519,18.18484954,1
1.31,271435.51,2521.06,6.890393519,18.18484954,1
1.3,271435.51,2521.06,6.890393519,18.18484954,1
1.29,271435.51,2521.06,6.890393519,18.18484954,1
1.16,271435.51,2521.06,6.890393519,18.18484954,1
1.47,271435.51,2521.06,6.890393519,18.18484954,1
1.24,271435.51,2521.06,6.890393519,18.18484954,1
1.22,271435.51,2521.06,6.890393519,18.18484954,1
1.29,271435.51,2521.06,6.890393519,18.18484954,1
1.27,271435.51,2521.06,6.890393519,18.18484954,1
1.35,271435.51,2521.06,6.890393519,18.18484954,1
1.35,271435.51,2521.06,6.890393519,18.18484954,1
1.4,271435.51,2521.06,6.890393519,18.18484954,1
1.27,271435.51,2521.06,6.890393519,18.18484954,1
2.9,125698.49,1697.43,5.4538,16.425175,2
3.01,125698.49,1697.43,5.4538,16.425175,2
2.63,125698.49,1697.43,5.4538,16.425175,2
2.14,125698.49,1697.43,5.4538,16.425175,2
2.67,125698.49,1697.43,5.4538,16.425175,2
2.63,125698.49,1697.43,5.4538,16.425175,2
3.05,125698.49,1697.43,5.4538,16.425175,2
2.68,125698.49,1697.43,5.4538,16.425175,2
2.72,125698.49,1697.43,5.4538,16.425175,2
2.64,125698.49,1697.43,5.4538,16.425175,2
2.56,125698.49,1697.43,5.4538,16.425175,2
2.32,136413.72,1886.48,6.284060325,17.20809745,2
2.21,136413.72,1886.48,6.284060325,17.20809745,2
2.36,136413.72,1886.48,6.284060325,17.20809745,2
2.35,136413.72,1886.48,6.284060325,17.20809745,2
2.12,136413.72,1886.48,6.284060325,17.20809745,2
1.87,136413.72,1886.48,6.284060325,17.20809745,1
2.01,136413.72,1886.48,6.284060325,17.20809745,2
2.25,136413.72,1886.48,6.284060325,17.20809745,2
2.4,136413.72,1886.48,6.284060325,17.20809745,2
2.24,136413.72,1886.48,6.284060325,17.20809745,2
2.2,136413.72,1886.48,6.284060325,17.20809745,2
1.58,147523.87,1973.19,6.531872411,17.57234466,1
1.51,147523.87,1973.19,6.531872411,17.57234466,1
1.5,147523.87,1973.19,6.531872411,17.57234466,1
1.47,147523.87,1973.19,6.531872411,17.57234466,1
1.47,147523.87,1973.19,6.531872411,17.57234466,1
1.47,147523.87,1973.19,6.531872411,17.57234466,1
1.46,147523.87,1973.19,6.531872411,17.57234466,1
1.49,147523.87,1973.19,6.531872411,17.57234466,1
1.53,147523.87,1973.19,6.531872411,17.57234466,1
1.55,147523.87,1973.19,6.531872411,17.57234466,1
1.41,147523.87,1973.19,6.531872411,17.57234466,1
1.37,161391.74,2137.18,7.770301205,18.68375502,1
1.36,161391.74,2137.18,7.770301205,18.68375502,1
1.42,161391.74,2137.18,7.770301205,18.68375502,1
1.14,161391.74,2137.18,7.770301205,18.68375502,1
1.3,161391.74,2137.18,7.770301205,18.68375502,1
1.34,161391.74,2137.18,7.770301205,18.68375502,1
1.32,161391.74,2137.18,7.770301205,18.68375502,1
1.28,161391.74,2137.18,7.770301205,18.68375502,1
1.14,161391.74,2137.18,7.770301205,18.68375502,1
1.26,161391.74,2137.18,7.770301205,18.68375502,1
1.15,161391.74,2137.18,7.770301205,18.68375502,1
