,Unnamed: 0,State,City,Date Sown,Variety,Date of Cut,Julian Day,Yield (tons/acre),Time Since Sown (Days),Time Since Last Harvest (Days),Total Radiation (MJ/m^2),Total Rainfall (mm),Avg Air Temp (C),Avg Min Temp (C),Avg Max Temp (C),Avg Soil Moisture (%),Harvested in Sown Year,First Date of Season,Percent Cover (%),Unnamed: 19,Class
0,530273799,Maine,South Danielleville,03/24/2016,Saranac AR,06/26/2017,260,0.71,263,34,511.67,113.1,23.39055888,17.825395939,29.30784519,0.279093807,1,0,95.30367583,,0
1,340515908,Nebraska,New Melissashire,08/12/2012,Radiance HD,08/05/2018,229,0.66,2129,31,690.66,113.7,22.65892206,17.42213701,28.29850166,0.289964184,0,0,89.15025715,,0
2,205882926,Mississippi,Mosleychester,03/23/2016,Contender,05/31/2018,130,1.07,1061,241,764.47,214.8,10.74052748,5.232653061,16.04100463,0.378285714,0,1,95.14889447,,0
3,510681379,Utah,Paulfurt,08/09/2012,GA-ALFG-1,11/11/2013,225,0.59,1316,32,648.85,104.2,22.22443189,17.804053397,27.38269502,0.313191113,0,0,96.23234115,,0
4,350053612,Michigan,Salasside,03/16/2015,Caliber,06/08/2016,193,1.58,1372,33,775.76,166.1,23.27836858,20.510269475,29.19357796,0.303942909,0,1,93.40573865,,1
5,291532678,Kentucky,Lake Jared,08/14/2012,Saranac AR,07/31/2017,162,1.48,1469,34,688.31,97.8,19.2815617,12.711630955,24.03723765,0.262379129,0,0,93.89259801,,1
6,816630617,Colorado,Michaelside,04/01/2016,Contender,08/04/2016,226,1.27,1468,36,649.44,167.8,23.6889318,17.08528835,29.39571642,0.274457463,0,0,93.41460528,,1
7,663334998,Illinois,New Lisaport,03/29/2015,Caliber,06/28/2016,194,0.6,1350,33,706.4,181.7,23.95030949,18.224571255,29.21789403,0.275420048,0,0,93.25083097,,1
8,217134426,Minnesota,North Jorgeville,04/09/2016,Caliber,07/06/2017,191,1.56,529,29,652.94,161.3,23.83844807,6.881718371,18.32875541,0.346645999,0,0,94.89797402,,1
9,520575582,Mississippi,North Pamelamouth,08/12/2012,Saranac AR,06/05/2018,163,1.78,1733,32,821.8,114.8,19.22669608,13.265492949,24.02658573,0.330882543,0,0,79.69581411,,1
10,357975300,Washington,Vaughnland,08/09/2012,Saranac AR,08/23/2017,260,1.2,329,31,730.31,122.4,18.8735398,13.349217772,23.66517663,0.323529256,0,0,90.42790658,,1
11,468498193,Mississippi,New Nicoleport,08/25/2012,Evermore,09/01/2015,225,0.58,1099,30,673.28,96.6,23.43994407,18.515292905,27.58880623,0.205735294,0,0,99.71486653,,0
12,578958558,Michigan,Myersland,03/25/2016,Caliber,08/17/2017,159,1.58,446,36,692.06,87.8,18.85014694,13.934156058,24.65268847,0.289279343,0,0,96.96841362,,1
13,132093532,Vermont,Jacobport,08/09/2012,Saranac AR,08/25/2016,262,0.76,1677,33,659.13,65.7,22.46497928,17.690529167,28.55526545,0.268738891,0,0,83.05852149,,0
14,850483358,North Dakota,New Zacharymouth,08/13/2012,Saranac AR,07/17/2018,258,0.76,1847,33,660.87,224.8,23.06717859,17.891338833,27.94687772,0.277055322,0,0,70.50125279,,0
15,792007896,Utah,Cunninghamhaven,08/11/2012,Phoenix,08/26/2016,161,1.37,990,34,699.18,95.4,22.57494212,17.613603854,28.0975064,0.290558784,0,0,93.03413464,,1
16,804967183,Oregon,New Zachary,08/09/2012,Saranac AR,05/03/2017,125,2.01,1539,218,861.52,90.3,12.44066788,5.798210567,17.25834457,0.320264458,0,0,82.65607185,,1
17,12574296,Kansas,Molinaberg,08/09/2012,Saranac AR,07/23/2018,192,0.93,1009,32,641.79,89.6,23.44464427,18.424117758,27.9869935,0.218868182,0,0,87.61917724,,0
18,769326426,North Carolina,Deborahhaven,03/29/2016,Caliber,08/05/2018,226,0.89,935,34,663.53,94.3,23.15073066,17.870555236,27.5131359,0.331928085,0,0,94.49950913,,0
19,159330227,Michigan,West Tracy,08/09/2012,Phoenix,05/14/2018,158,1.39,1783,33,687.38,149.1,22.36834053,16.631303381,27.54410867,0.289415977,0,0,69.57889627,,1
20,894288321,South Dakota,New Jacqueline,03/30/2015,Saranac AR,08/29/2018,227,0.74,1239,32,647.54,115.7,23.85317243,18.203379661,28.68271753,0.252030749,0,0,88.47962783,,0
21,238176469,Kansas,East Raven,03/31/2016,Caliber,06/19/2018,160,1.14,863,34,721.61,249.6,22.68411835,17.520396107,27.37122291,0.279042279,0,0,92.50946179,,1
22,979750085,California,Francotown,05/26/2017,GA-505,06/23/2017,259,0.75,710,32,579.36,235.4,22.78365627,17.323928185,27.21277051,0.303428258,0,0,94.50204949,,0
23,517844549,South Carolina,Fowlerberg,04/09/2016,Saranac AR,07/21/2016,228,0.87,325,34,799.81,104.5,23.00930623,17.578824294,28.67573545,0.296544751,0,0,92.59271132,,0
24,661647586,New York,Yangbury,03/07/2015,Caliber,07/23/2015,191,0.67,831,32,557.03,169.1,23.19899037,18.389593236,27.82715686,0.321240092,0,0,98.01070907,,0
25,289946810,Wyoming,Jacksonborough,08/09/2012,Caliber,07/22/2017,224,1.19,2120,31,685.3,169.6,23.13025017,18.24713014,27.9177643,0.320864702,0,0,67.22120255,,1
26,50148054,Alaska,East Robin,04/12/2016,Saranac AR,09/14/2017,257,0.91,231,37,656.19,168.5,23.0346235,17.916260086,27.10981447,0.263501136,0,0,91.41793015,,0
27,812979856,Indiana,Hayeston,03/31/2015,Saranac AR,08/18/2018,227,0.66,1021,32,570.25,135.3,23.57653257,18.261357345,27.33296701,0.321164302,0,0,90.89170733,,0
28,732667087,Delaware,New Billyfort,08/09/2012,Radiance HD,08/06/2016,261,1.17,1303,35,698.04,92.3,22.29452497,18.031696367,28.59745454,0.269768711,0,0,97.94939254,,1
29,495784708,Delaware,Elizabethchester,03/19/2016,Caliber,08/22/2018,253,0.75,1092,32,497.9,110.0,23.00593222,18.016496941,27.77959639,0.3337799,0,0,91.05032823,,0
30,499695536,Iowa,Loganhaven,04/13/2016,Saranac AR,06/06/2016,165,1.59,1271,37,870.72,135.0,22.40288289,18.03643848,29.19064888,0.255114365,0,0,,,1
31,122412317,Montana,North Michael,08/09/2012,Ameristand 403T,09/14/2013,160,1.5,971,33,717.09,107.4,19.45928877,13.350344114,24.59860657,0.330941354,0,0,98.32107113,,1
32,800420291,New York,Robertland,08/09/2012,Saranac AR,06/19/2016,191,1.33,1150,35,807.51,128.1,22.81493757,18.615456861,28.25727297,0.205735294,0,0,96.40355499,,1
33,932036027,Kentucky,Carmenberg,03/22/2016,Caliber,07/20/2018,162,2.05,567,35,717.87,140.8,22.55615078,17.250246273,27.093589,0.262024381,0,0,96.79343606,,1
34,691066245,Georgia,Josephbury,08/09/2012,Caliber,09/18/2015,192,1.31,955,34,675.07,173.3,22.90517282,19.011002533,27.16691999,0.31783734,0,0,96.97444621,,1
35,92151808,Idaho,East Amy,04/12/2016,Saranac AR,06/03/2017,160,1.7,443,35,684.23,134.4,19.50743588,14.72806663,24.93782933,0.260612263,0,0,91.65977431,,1
36,49945477,Florida,South Lonnie,08/13/2012,Saranac AR,06/20/2018,159,1.08,1989,34,679.06,112.8,22.93309919,17.589699153,24.20381793,0.29679487,0,0,,,1
37,837847944,Michigan,New Andrew,08/09/2012,4030,07/29/2013,192,1.27,89,32,625.88,86.6,11.42592349,13.857854994,17.18917172,0.351584472,0,1,100.0,,1
38,63242829,Idaho,South Scott,08/09/2012,Caliber,08/09/2018,223,0.59,1229,30,607.22,86.2,22.95257827,17.693359912,27.62770551,0.328040607,0,0,85.41567773,,0
39,763436388,Colorado,North Tyler,03/30/2016,Saranac AR,05/30/2017,225,1.81,578,35,664.04,118.5,22.96602476,17.777643682,27.50804409,0.271753651,0,0,94.06155653,,1
40,271237265,Arizona,Robinsonton,08/09/2012,Saranac AR,08/01/2018,228,0.64,1152,32,669.29,207.0,23.05296957,18.005949977,28.13809472,0.274559342,0,0,96.41026604,,1
41,724855951,Wyoming,Turnerbury,08/09/2012,Saranac AR,08/01/2018,224,0.63,1728,33,659.1,96.5,22.78298337,17.458902661,27.86537114,0.275697835,0,0,69.13379499,,0
42,63715644,Georgia,Sheilaland,04/03/2016,Caliber,06/27/2017,192,1.87,447,31,684.65,165.8,22.78609825,7.43192677,27.30606645,0.252814716,0,1,96.17098537,,1
43,885565145,Virginia,New Philiptown,08/21/2012,Caliber,07/29/2017,258,0.59,2225,32,670.19,170.1,19.83105464,15.994754267,25.09974892,0.323907218,0,0,85.59505656,,0
44,768123629,Wyoming,South Nicoleborough,08/09/2012,Saranac AR,07/08/2018,226,0.7,1120,34,709.75,108.6,23.20900978,18.193857389,28.19819517,0.27800711,0,0,90.63967966,,1
45,14031527,Idaho,East Lisa,03/31/2016,Saranac AR,09/30/2016,256,0.43,172,29,541.91,113.1,23.16450711,17.352337324,29.79618674,0.263020649,0,0,89.6421298,,0
46,243018606,Arkansas,North Williambury,03/24/2016,Caliber,08/05/2016,227,1.61,440,34,678.65,133.3,23.7887601,19.554035443,29.71607045,0.293015308,0,0,94.00078664,,1
47,814118991,Minnesota,New Cheyennefurt,08/10/2012,Phoenix,06/09/2016,160,1.91,986,33,896.21,94.6,23.95191454,7.046870244,28.31714087,0.268132358,0,0,93.61350741,,1
48,455158360,Mississippi,New Richardview,08/14/2012,Caliber,07/09/2017,254,1.02,528,33,577.55,121.8,18.81812976,14.564096485,24.54855314,0.319180674,0,0,93.89360532,,1
49,878538576,Ohio,West Juantown,08/09/2012,Saranac AR,10/03/2016,226,0.85,1059,32,657.34,120.8,22.63191892,17.359478363,28.39469736,0.278545925,0,0,93.48332345,,0
50,83992008,Tennessee,Randallland,08/09/2012,Saranac AR,06/24/2018,258,0.78,2225,36,765.55,113.2,23.20180511,14.538474079,27.7049159,0.281393831,0,0,74.48997325,,0
51,95357664,Arkansas,Jamestown,08/09/2012,Saranac AR,08/15/2016,226,1.27,536,32,694.42,106.0,22.88894114,17.959901828,28.06920342,0.248154705,0,0,94.49114466,,0
52,289760152,Idaho,West Diane,08/09/2012,Radiance HD,12/19/2013,260,0.6,1992,32,715.35,91.5,22.15498244,12.657780243,28.18444171,0.276616948,0,0,100.0,,0
53,822005580,California,East Jennifer,08/09/2012,GA-505,06/19/2013,300,1.39,219,96,894.04,95.7,11.25093903,5.439495358,16.15524937,0.238886942,0,1,98.48810343,,1
54,989187985,South Dakota,South Meredithville,04/14/2016,Saranac AR,08/05/2018,260,0.34,370,31,532.04,107.2,23.30819281,17.706018048,27.9653835,0.330605742,1,0,94.41917972,,0
55,128250377,Indiana,Toddview,08/11/2012,Saranac AR,07/29/2017,163,1.35,304,34,695.37,126.2,19.20389876,13.31479601,24.81955897,0.278588844,0,0,97.04751323,,1
56,79475099,Maryland,Kellyberg,04/04/2015,Caliber,07/18/2016,192,1.99,1367,32,685.13,78.8,23.66643373,18.085211558,28.65214225,0.260160396,0,0,92.55148625,,1
57,402368937,Arkansas,East Jerometown,03/24/2016,Contender,08/10/2018,225,0.61,160,32,673.73,147.7,22.76246827,17.976035428,27.87680494,0.34136648,0,0,92.69138584,,0
58,714999869,Montana,West Anitaton,08/18/2012,GA-505,11/24/2013,160,1.07,1039,34,683.21,124.0,23.12022814,17.254194046,27.11363293,0.281115614,0,0,96.75037992,,1
59,918716873,Indiana,Colemanshire,08/18/2012,Caliber,08/22/2018,224,0.65,1331,34,688.46,109.9,23.33088397,17.897116112,27.60051982,0.283107402,0,0,92.9706275,,0
60,183174891,North Carolina,West Lauraton,04/02/2016,Caliber,06/21/2017,164,2.02,434,29,675.63,170.7,22.67888469,17.3339415,27.12430446,0.268071684,0,0,,,1
61,645871904,Georgia,Lake Danny,04/18/2016,Contender,05/15/2017,191,1.52,587,233,743.94,174.7,25.0278189,7.588826524,19.76064028,0.270961839,0,1,88.28264969,,1
62,138805836,Massachusetts,Johnview,04/07/2016,Caliber,07/30/2017,226,1.06,380,29,656.77,127.6,22.86690853,18.337967753,28.14778935,0.258750129,0,0,95.04209621,,0
63,549555083,North Dakota,Lake Randychester,08/09/2012,Saranac AR,09/06/2016,227,0.91,484,31,694.7,138.2,22.93922093,17.14421065,27.8462028,0.261818569,0,0,89.53471357,,0
64,80714889,Nebraska,East Heather,08/18/2012,Evermore,05/30/2018,122,1.56,2152,30,764.65,130.1,23.25224925,6.700465431,28.46150901,0.335928822,0,0,81.47346288,,1
65,229052851,Pennsylvania,South Angelatown,03/28/2016,Contender,08/12/2017,254,0.82,290,30,662.1,179.4,23.57044874,15.96555117,28.89812513,0.272565078,0,0,94.02214498,,0
66,594233983,South Carolina,Collierville,03/30/2015,Caliber,06/06/2018,193,0.53,210,227,837.98,228.3,23.11240871,17.930810529,28.00576709,0.273636779,0,1,93.21648953,,1
67,977296080,Hawaii,Port Haleyview,08/09/2012,Saranac AR,08/08/2018,163,1.55,1806,34,700.55,103.0,22.81892255,17.838740091,27.93165385,0.271715815,0,0,70.14391422,,0
68,746631224,New Jersey,Jordanfort,03/30/2015,Saranac AR,06/22/2018,228,0.5,1254,33,588.74,118.2,23.45792351,18.122439075,28.69384394,0.251244371,0,0,92.33338134,,0
69,878116171,Vermont,New Sheilaborough,08/10/2012,Caliber,06/19/2016,228,1.75,1376,32,667.65,170.0,23.77540337,19.570382758,29.96326393,0.338096325,0,0,89.98687343,,1
70,323938969,Alabama,North Stephenton,08/18/2012,Caliber,03/10/2014,160,1.66,437,32,689.52,119.3,22.00829879,18.531765884,27.15758377,0.296333146,0,0,94.71738577,,1
71,666466203,Maryland,New Tara,08/09/2012,Ameristand 403T,08/02/2013,227,1.02,841,30,687.97,145.8,22.92903657,18.090269168,27.32713277,0.311152813,0,0,97.08248898,,1
72,573677834,North Dakota,Theresaborough,08/15/2012,Caliber,06/20/2018,222,0.67,2225,33,694.11,235.0,22.8392249,17.822021185,28.29575039,0.349424552,0,0,78.12545484,,0
73,280079251,Kansas,Port Debbie,08/12/2012,Caliber,07/15/2018,225,0.65,468,32,663.61,150.3,23.34000548,18.285951231,28.07515113,0.329421348,0,0,94.10441848,,0
74,564430931,West Virginia,North Kim,08/18/2012,GA-505,08/16/2013,193,1.12,653,32,697.75,224.2,22.83402324,17.850353859,27.77754458,0.320459909,0,0,99.02639378,,1
75,187341261,Washington,West John,08/09/2012,Saranac AR,08/11/2016,194,1.78,1069,34,829.46,104.5,23.13759974,18.035858165,30.45,0.290800286,0,0,,,1
76,536237270,Montana,North Shannon,08/09/2012,4030,05/04/2013,130,1.5,280,218,627.15,133.3,11.88921747,7.434239754,17.14764319,0.350490738,0,1,100.0,,1
77,551308806,Texas,East Annaton,08/09/2012,Evermore,06/29/2013,194,1.43,89,30,632.9,246.5,11.316166,14.9015738,16.7030623,0.318999649,0,1,100.0,,1
78,643655615,New Mexico,North Sabrina,03/22/2015,Saranac AR,07/13/2017,257,0.89,901,37,663.1,158.1,18.38589281,13.552030685,23.98875086,0.331202608,0,0,93.11364299,,1
79,297190738,Michigan,Alexandrachester,08/15/2012,Saranac AR,08/09/2018,260,0.64,731,33,476.88,212.1,22.52492222,17.127379307,26.92776228,0.324417868,0,0,95.68728885,,0
80,494253545,Maryland,New Gerald,03/13/2015,Caliber,08/14/2015,195,1.12,1052,29,628.26,151.3,23.91681569,20.98888889,29.389474,0.333797161,0,0,94.83556705,,1
81,438687200,Oregon,New Jason,08/13/2012,Saranac AR,05/01/2018,192,1.83,145,88,757.14,233.3,22.77381047,18.389148094,27.67763771,0.23185134,0,1,98.90177515,,1
82,311359945,Alabama,Harveyfort,08/09/2012,Caliber,05/29/2016,129,1.77,918,231,795.14,136.4,12.3745039,6.440001427,18.26717895,0.336950433,0,1,90.93834593,,1
83,835176609,Maine,Jacksontown,08/09/2012,CW 065030,02/17/2014,259,1.07,1201,31,589.63,84.0,21.69112874,19.009042326,27.46614197,0.304208485,0,0,100.0,,1
84,726837220,Illinois,Zhangmouth,06/13/2017,Saranac AR,08/03/2018,259,0.62,437,32,476.88,209.8,23.25351008,17.829143149,28.02184504,0.282380021,0,0,98.16411562,,0
85,550865433,Illinois,Stevenview,04/04/2016,Caliber,05/17/2017,159,1.87,463,35,584.08,159.5,17.22552007,11.107776128,23.88532254,0.3435271,0,0,96.48487576,,1
86,435072248,North Carolina,South Jeffstad,08/09/2012,Evermore,10/10/2013,125,1.42,325,217,766.94,101.6,11.7800266,5.840727213,18.17181949,0.377672828,0,1,98.57531812,,1
87,662336435,Indiana,Jacksonchester,03/15/2015,Caliber,07/01/2016,193,0.62,1021,240,766.87,183.0,23.66787315,7.298654364,30.17246927,0.269351566,0,1,95.36504609,,1
88,879368305,Arkansas,New Ryan,03/22/2015,Saranac AR,07/14/2016,261,0.55,135,32,794.61,72.7,22.58950767,17.637300309,27.78095027,0.207035325,0,0,97.05685345,,0
89,578525390,New Mexico,Jerryshire,08/09/2012,Saranac AR,08/13/2016,193,1.64,1202,32,690.68,108.0,23.09512925,17.534382461,28.56226688,0.273418717,0,0,94.32069366,,1
90,932100085,Arizona,Barrettfurt,04/04/2016,Saranac AR,06/06/2018,223,0.67,1335,37,720.52,163.4,23.24759895,18.089710305,29.16753324,0.26099772,0,0,95.0214965,,1
91,83385438,Washington,Lake Adam,04/01/2015,Caliber,08/08/2017,224,0.48,935,31,691.39,160.6,23.17661343,18.855373993,28.24458055,0.315145506,0,0,89.71515255,,0
92,958577304,Alaska,Westview,08/09/2012,Evermore,03/23/2013,129,1.39,351,217,790.9,216.5,10.99539,6.428440742,17.33539555,0.344062703,0,1,100.0,,1
93,280233431,North Carolina,North Angela,03/22/2015,Caliber,06/01/2017,159,1.87,1538,34,693.53,178.3,23.12521547,18.693425267,28.68954185,0.314908789,0,0,93.23419314,,1
94,545402565,Nebraska,Richardsonmouth,08/09/2012,GA-505,09/10/2016,229,0.94,515,36,657.76,116.2,23.17382887,18.292487225,29.89362134,0.270469064,0,0,91.73824478,,0
95,757722886,Arizona,Leeside,08/23/2012,Saranac AR,07/08/2013,295,1.22,89,101,598.68,131.9,11.37361105,7.320998168,16.87005659,0.216753617,0,1,100.0,,0
96,95159700,Oregon,New Stephanietown,08/10/2012,Saranac AR,08/12/2018,223,0.55,2225,35,676.57,86.8,22.76187229,17.803000668,28.11605196,0.326333725,0,0,80.25525237,,0
97,974461946,California,Anthonyhaven,08/09/2012,Caliber,06/14/2017,160,1.67,436,32,704.91,146.3,22.8557745,13.253553387,24.40949849,0.25329938,0,0,89.41717533,,1
98,45178582,Oregon,East Donna,08/15/2012,Saranac AR,08/25/2018,224,0.49,1655,30,605.79,90.4,23.84897829,18.170000528,28.57984192,0.256104588,0,0,70.03008617,,0
99,799112516,California,West Raymondborough,04/04/2016,Saranac AR,07/22/2018,224,2.09,452,35,685.71,102.6,23.27094423,18.365885666,28.45794339,0.287609747,0,0,91.68641375,,1
100,961195072,Illinois,Williamborough,08/18/2012,Saranac AR,07/12/2018,160,0.65,1760,36,671.4,225.2,23.00547487,17.841668068,28.20244935,0.278356509,0,0,79.03332571,,1
101,230945513,Virginia,Lake Deborah,08/15/2012,Evermore,05/11/2015,126,0.5,1003,224,799.45,97.2,11.90727214,6.630792424,19.20875252,0.356572459,0,1,96.96121189,,0
102,973299546,Texas,Sampsonview,08/23/2012,GA-505,02/08/2014,192,1.44,167,31,872.03,262.5,22.18613112,17.354493182,27.02247207,0.304604865,0,0,99.41262515,,1
103,96818975,Wisconsin,Leeburgh,03/29/2016,Caliber,10/20/2013,192,1.08,89,33,579.82,186.5,22.88878475,17.265471199,28.49896441,0.32284746,0,0,96.53987739,,1
104,490097744,Maine,West John,08/10/2012,Radiance HD,12/05/2013,164,1.3,465,33,709.39,128.3,23.37287263,18.252581955,28.19445463,0.332716809,0,0,99.89124063,,1
105,180590662,Maine,Brooksmouth,04/09/2015,Caliber,09/02/2016,194,1.37,1221,34,758.68,164.7,24.01652294,20.738843753,30.45,0.254292131,0,0,93.4722534,,1
106,53063358,Indiana,South Maria,08/09/2012,Arc,11/04/2013,257,1.06,1117,32,696.07,161.3,22.30150403,17.737216405,27.10138842,0.316793878,0,0,97.48476329,,1
107,415568084,Alabama,Munozton,08/14/2012,CW 065030,10/02/2013,162,1.24,502,31,846.31,244.5,22.36455377,18.010018015,27.55387815,0.33541199,0,0,100.0,,1
108,832972648,Colorado,Christopherport,03/27/2016,Caliber,08/07/2016,228,1.01,189,30,586.77,152.9,23.71079251,17.660211998,28.40605362,0.317648783,0,0,97.19903731,,1
109,318872483,Florida,Perezstad,08/19/2012,Caliber,03/19/2014,194,1.18,994,34,685.18,359.8,22.28955907,17.445229578,27.81353374,0.336839457,0,0,95.75281654,,1
110,863122498,Utah,New Valerieshire,04/27/2016,Saranac AR,07/29/2018,194,0.7,876,34,609.57,118.4,23.67659417,17.930274047,27.0066918,0.263296789,0,0,94.2305481,,0
111,157427336,Florida,East Stephaniemouth,08/15/2012,Saranac AR,06/17/2016,163,0.54,1272,37,757.59,80.1,11.68834877,5.446888696,16.6676566,0.282437719,0,0,95.66386467,,1
112,846054131,Arizona,Simmonsmouth,08/09/2012,Saranac AR,08/04/2017,255,0.7,2002,35,692.19,182.1,19.66704256,14.671536579,24.1279252,0.266034275,0,0,92.25430139,,0
113,598224497,Hawaii,Lake Adrienne,08/12/2012,Caliber,06/11/2017,157,1.62,1756,30,673.8,148.9,20.06162839,16.322866133,24.859541,0.325485836,0,0,91.96093115,,1
114,864741178,Utah,Daniellefurt,03/30/2016,Caliber,06/29/2018,192,0.46,378,28,803.6,159.7,23.69341657,19.790060472,29.9034406,0.340907553,0,0,93.42757136,,1
115,317609597,Alabama,Irwinside,08/12/2012,Saranac AR,05/21/2018,128,0.53,1864,31,794.19,236.6,22.98855627,17.78725605,26.97021357,0.353027111,0,0,98.33224282,,1
116,407589230,Virginia,Lake Riley,04/07/2016,Saranac AR,08/16/2018,225,1.16,553,33,695.39,124.9,22.77335444,18.154320819,28.17321055,0.251518274,0,0,94.14232682,,0
117,641635777,Indiana,Jordanview,05/22/2017,Saranac AR,05/14/2018,194,0.68,187,103,799.94,207.9,22.53984987,17.76567937,27.46471916,0.262355801,0,1,88.42649545,,0
118,136834183,Louisiana,Port Lindseyborough,04/19/2016,Caliber,09/13/2018,225,0.6,1366,33,665.49,145.0,22.98035331,17.828124307,27.91511061,0.303377077,0,0,94.58379392,,0
119,966486400,Michigan,Yvonnestad,03/20/2016,Caliber,08/04/2017,193,0.49,89,32,663.53,172.5,22.87138841,17.275903223,27.60988214,0.275604049,0,0,94.15522718,,0
120,330674174,Massachusetts,Masonberg,03/27/2016,Caliber,09/05/2016,226,1.04,328,32,652.58,152.4,23.64751974,18.219803929,28.66729257,0.267066187,0,0,93.28554436,,0
121,671100678,Ohio,Billyberg,03/09/2017,Contender,09/02/2018,259,0.64,328,31,519.23,103.9,22.25980307,18.059236347,27.37755158,0.329035984,1,0,93.8310145,,0
122,649336948,New Mexico,Floresborough,04/09/2016,Contender,07/23/2017,229,0.63,89,34,1003.15,164.0,23.34977072,18.143098709,29.1331866,0.272544176,1,0,94.27938134,,0
123,542641636,Georgia,Ericaside,08/15/2012,Caliber,06/19/2018,226,0.62,1079,29,692.23,78.8,24.00582174,18.829035404,29.34019417,0.264037109,0,0,91.62119232,,1
124,672026991,Massachusetts,Lake Christina,04/12/2015,Caliber,10/30/2015,195,1.83,89,104,1080.92,359.8,23.58863551,18.177182397,28.25254665,0.313177379,1,1,100.0,,0
125,155651548,Connecticut,Lake Summer,08/29/2012,GA-505,05/24/2015,195,1.57,1053,37,855.92,139.5,22.71264581,17.895470818,27.41318659,0.274095061,0,0,97.98780366,,1
126,973965800,New Jersey,Kimberlytown,08/09/2012,Saranac AR,05/23/2017,223,1.59,2019,31,686.18,107.8,23.2909498,17.891687503,27.8212854,0.260710582,0,0,91.4753413,,1
127,7552248,Wisconsin,West Ginachester,08/09/2012,Caliber,07/21/2018,225,0.83,1168,35,706.62,105.3,22.42838579,17.798036583,28.00616941,0.272905657,0,0,95.04434267,,0
128,243694405,Wisconsin,Port Benjaminberg,08/09/2012,Caliber,09/22/2016,260,1.2,1356,31,702.46,169.7,23.31593456,17.68176348,27.2453947,0.331308102,0,0,95.54931374,,1
129,314609089,Washington,Ariasberg,04/30/2016,Contender,07/22/2018,192,1.47,309,32,883.01,125.3,22.43224647,18.853251979,27.51993937,0.265544987,0,0,93.51439931,,1
130,804095428,Rhode Island,Stephenton,04/03/2017,Saranac AR,07/25/2017,261,0.36,158,37,681.18,119.8,18.82862633,12.731334658,24.17577023,0.287678862,0,0,92.12641376,,0
131,675232868,New Hampshire,Roberttown,08/09/2012,Saranac AR,07/07/2018,162,0.57,1604,33,826.86,225.0,23.28604573,18.184951504,27.69541628,0.26866758,0,0,80.05187236,,1
132,388759388,Georgia,Lake Christinemouth,08/19/2012,Saranac AR,07/02/2018,126,1.73,1353,236,793.79,227.2,12.53125207,5.666866027,17.19038815,0.276141464,0,1,93.61293522,,1
133,686524894,Florida,Josephport,08/14/2012,Saranac AR,07/17/2017,193,1.43,354,34,860.3,111.5,23.2976636,17.703056061,27.51231493,0.29672296,0,0,94.35636522,,1
134,122174754,Oregon,Gilbertmouth,08/14/2012,Evermore,07/02/2017,157,1.87,413,33,681.98,121.8,23.12330307,18.114197615,27.55031509,0.267727639,0,0,88.65798707,,1
135,164543375,Connecticut,Walkerchester,08/16/2012,Caliber,07/01/2017,221,0.82,2020,36,682.77,133.6,19.80399304,15.363487546,25.66004888,0.260202724,0,0,85.27610707,,1
136,621108231,Iowa,Vargastown,08/13/2012,Saranac AR,06/17/2018,128,1.87,1246,234,920.03,221.4,12.15086966,5.232653061,17.10251417,0.378285714,0,1,71.52959762,,1
137,976182209,Alaska,East Meghanhaven,04/08/2015,Caliber,08/22/2015,192,1.46,128,100,1031.18,359.8,22.73057688,18.487368369,27.98309177,0.293963434,0,1,100.0,,1
138,251014187,Kentucky,Aaronport,03/21/2016,Contender,07/03/2017,191,0.43,932,31,697.8,175.3,23.18181769,18.603100616,29.23609628,0.311166813,0,0,95.28893895,,1
139,754605605,Wyoming,New Brookechester,04/03/2016,Caliber,08/18/2017,225,1.93,487,32,650.8,148.2,23.68469,20.986727632,29.56155038,0.31555291,0,0,92.29544981,,1
140,414334748,Wisconsin,Lake Hannahborough,08/09/2012,4030,07/04/2016,159,1.83,1055,32,690.05,101.5,20.17477734,15.17507985,25.35229623,0.256413229,0,0,94.22201493,,1
141,713504567,Florida,Hollyhaven,08/09/2012,Caliber,07/09/2015,224,1.55,1117,31,704.08,177.3,23.14236972,19.283569169,28.91637607,0.311878242,0,0,97.64192344,,1
142,530712030,New Hampshire,Johnberg,08/09/2012,Saranac AR,12/05/2013,259,1.0,226,35,588.3,125.4,22.35323383,16.114194797,26.86494527,0.280950992,0,0,98.32451577,,1
143,773020355,Maryland,North Edwardbury,03/23/2016,Caliber,07/19/2018,162,1.33,461,34,718.68,115.1,22.03299877,17.808371492,27.19470079,0.286182242,0,0,93.41842052,,1
144,350066163,California,Robinsonport,03/29/2016,Caliber,08/11/2018,187,1.18,521,28,717.83,165.1,23.40824004,18.306223054,27.50576847,0.262684049,0,0,94.45924187,,1
145,127434484,Wyoming,West Jenniferstad,08/10/2012,Saranac AR,08/04/2015,164,1.82,1198,36,680.76,111.0,19.68525575,13.939153101,23.93452829,0.249613677,0,0,98.59405464,,1
146,138348466,Georgia,Ortegachester,08/09/2012,GA-505,08/29/2013,161,1.29,487,33,694.04,155.1,22.8011165,17.641579231,26.72279849,0.296431213,0,0,92.04969338,,1
147,238224675,Idaho,East Marcia,08/13/2012,Saranac AR,05/11/2018,130,0.73,2216,238,831.68,235.0,10.73673469,5.909739652,16.03429305,0.342337889,0,1,73.08900476,,0
148,791777996,Arkansas,Scottstad,08/10/2012,Ameristand 403T,04/06/2014,160,1.55,1337,34,678.14,172.8,19.69866633,14.366749698,24.34954466,0.336997159,0,0,97.25587624,,1
149,466754453,Kansas,North Randymouth,04/16/2017,Saranac AR,09/02/2018,262,0.61,315,36,784.82,228.6,23.34747131,17.951733997,27.58918426,0.269451851,0,0,89.92359116,,0
150,543133197,California,Andrewhaven,08/09/2012,55V50,10/13/2013,129,2.09,1178,232,838.82,274.4,12.06089191,6.311995045,16.7356591,0.312894428,0,1,97.98931557,,1
151,456352516,Mississippi,Rodriguezhaven,08/09/2012,CW 085028,05/08/2015,164,1.07,1093,32,671.41,118.8,19.16093439,14.843765736,24.60529225,0.305536733,0,0,99.71106047,,1
152,922599376,Colorado,Jamesfurt,08/09/2012,Radiance HD,02/11/2014,226,1.23,567,31,640.29,229.7,22.44292994,18.785238115,28.12484142,0.333679006,0,0,,,1
153,344450181,West Virginia,West Kayla,08/19/2012,Saranac AR,07/30/2017,225,0.59,2225,32,655.61,83.4,23.80285603,18.539779187,27.75040484,0.259967569,0,0,84.0930657,,0
154,907230186,Virginia,North Christian,05/16/2017,Caliber,08/05/2017,258,0.67,261,32,493.05,172.0,22.2391383,18.095343217,27.16186101,0.330698468,0,0,89.58403954,,0
155,817527062,North Carolina,Spencehaven,08/17/2012,4030,06/09/2015,193,1.56,1122,30,818.09,113.8,10.89123622,5.495130135,17.67160966,0.311104643,0,1,99.96718645,,1
156,556021408,Utah,Mcphersonstad,04/04/2015,Saranac AR,07/18/2016,127,1.49,1137,236,860.72,150.4,12.8156297,6.691857958,18.47312136,0.317271742,0,1,90.87681187,,1
157,46780569,Wyoming,Weaverton,08/09/2012,Saranac AR,08/08/2016,226,0.46,1523,31,608.66,99.8,23.69902831,18.266485748,28.60885523,0.205735294,0,0,95.25616848,,0
158,86439014,Florida,Robersonburgh,08/27/2012,GA-505,07/19/2016,131,1.68,1280,232,822.48,219.0,12.08556726,5.232653061,17.30380815,0.349245108,0,1,98.29297555,,1
159,413417054,Texas,Clarkeborough,08/11/2012,GA-505,07/30/2017,256,0.69,1756,32,684.63,103.3,23.43960954,18.319932528,27.52991351,0.271521,0,0,72.10857623,,0
160,68374701,Indiana,South Ritastad,08/09/2012,55V50,01/15/2014,159,1.3,426,35,623.78,139.1,22.93591642,17.878072596,27.40011037,0.318446934,0,0,98.13332202,,1
161,864667178,Nevada,Rogersberg,03/23/2016,Caliber,09/10/2017,227,0.44,641,36,707.5,106.6,23.73562998,17.903835099,30.06367997,0.266482103,0,0,94.421948,,0
162,970112246,Idaho,Ericland,04/05/2015,Saranac AR,06/22/2016,193,1.91,268,36,830.78,107.2,23.47831686,13.360742698,28.2099604,0.246163407,0,1,90.21227165,,1
163,335627163,Texas,Kristinmouth,03/28/2016,Ameristand 403T Plus,07/20/2017,193,1.65,451,36,902.75,228.5,23.02173089,16.934015865,27.86344326,0.272925293,0,0,90.19512403,,1
164,704982766,Tennessee,North Megan,03/19/2015,Caliber,07/10/2015,194,1.01,1010,33,671.75,161.9,23.10558223,18.521865943,28.82628686,0.320676572,0,0,89.84475284,,1
165,960573223,West Virginia,Mcclainview,08/17/2012,Saranac AR,06/10/2018,160,0.66,2112,31,640.82,128.0,22.82868079,17.485897977,27.95491421,0.275294725,0,0,72.78683253,,1
166,738519563,Alaska,New Kimberlyport,03/21/2016,Saranac AR,07/07/2018,194,1.55,778,33,838.83,108.7,22.55180049,18.00758472,28.16949161,0.290277254,0,0,94.4256782,,1
167,385229197,Alabama,South Lindsey,05/06/2017,Saranac AR,08/10/2017,259,0.42,2199,36,678.86,125.5,22.76998298,18.255765028,27.9264878,0.293053665,0,0,92.02280605,,0
168,842306067,Hawaii,Lake Meganview,08/09/2012,Caliber,09/07/2016,229,1.1,1449,35,711.95,151.9,24.34699531,20.865802749,30.18179029,0.313958215,0,0,91.18222165,,1
169,876497199,Wyoming,West Laura,08/14/2012,Caliber,10/26/2013,126,1.5,226,33,736.65,220.8,11.56106259,5.706311476,16.4796154,0.372813086,0,1,100.0,,1
170,13980947,Connecticut,North Kevin,08/10/2012,Ameristand 403T,05/09/2015,128,1.56,1064,219,848.8,327.3,11.35072407,5.796915769,17.19935527,0.367403435,0,1,100.0,,1
171,98089024,Wyoming,North Cynthiafort,03/10/2016,Saranac AR,08/06/2017,261,1.22,465,35,718.23,169.9,19.78184907,13.288336384,24.5303743,0.274539068,0,0,92.50938802,,0
172,444835079,Minnesota,South Rachaelstad,03/31/2016,Saranac AR,07/25/2017,158,1.72,411,33,673.37,152.4,22.2545494,17.237803152,27.26452971,0.248747205,0,0,94.11504684,,1
173,371054285,Oregon,Garciaborough,08/09/2012,Caliber,07/12/2015,195,1.67,965,33,663.83,336.2,22.91586229,18.030888384,27.55829631,0.31307467,0,0,99.0491118,,1
174,96069285,Kansas,Loweshire,04/26/2016,Contender,06/25/2017,193,0.6,233,233,677.19,165.4,23.27059039,6.512015358,17.67416902,0.287768552,0,1,93.82853576,,0
175,112547533,Kentucky,Robinport,08/09/2012,Saranac AR,06/04/2018,125,0.97,1782,31,847.28,225.2,23.43703726,18.817041621,29.31517137,0.276770977,0,0,76.25672181,,0
176,956308249,Missouri,Lake Mark,04/05/2016,Caliber,09/13/2018,224,0.91,1287,29,597.77,117.7,24.39065056,18.657559054,28.80993318,0.328452916,0,0,91.69655895,,0
177,535425660,South Carolina,North Brian,08/09/2012,Saranac AR,07/17/2015,260,0.44,1132,33,723.61,59.9,23.33302996,18.332315651,27.50443019,0.286826715,0,0,86.54479186,,0
178,841167665,Minnesota,East Evan,08/16/2012,Saranac AR,07/22/2018,261,0.51,160,34,585.71,94.1,23.17825767,17.88804057,27.55726629,0.261628177,0,0,93.7539982,,0
179,292071799,Nebraska,North Pamela,04/08/2016,Caliber,05/31/2017,193,1.52,89,33,932.52,183.5,22.12593437,18.447850388,27.57450724,0.263338014,0,1,91.86501016,,1
180,146494217,Arizona,Kevinton,03/06/2016,Caliber,08/20/2016,194,1.72,299,36,895.84,183.3,23.23411515,17.913121943,27.76117473,0.27364208,0,0,96.44112997,,1
181,573303725,New Mexico,Sotoport,03/31/2015,Saranac AR,09/07/2016,261,0.74,2096,33,653.98,76.6,23.26824378,17.452328685,28.11218859,0.263824936,0,0,91.24234666,,0
182,138910907,Connecticut,Maryton,08/09/2012,Radiance HD,07/15/2013,126,1.29,472,223,803.26,133.8,11.9779988,6.554912669,17.78840482,0.271480026,0,1,98.57125665,,1
183,769569686,Utah,New Jenniferbury,08/11/2012,Saranac AR,06/12/2017,156,1.02,478,32,676.76,117.0,18.80931583,14.189475331,24.01315826,0.270408382,0,0,92.91565354,,1
184,272152630,Delaware,Robertville,08/13/2012,Caliber,02/08/2014,259,0.58,448,35,590.38,167.9,19.32382734,13.125715825,24.26196894,0.328715524,0,0,96.93648833,,0
185,339093615,Wisconsin,New Kyleland,08/09/2012,Radiance HD,12/12/2013,227,1.62,544,30,575.2,236.1,23.24919788,18.260966286,28.5312268,0.335452939,0,0,99.07899682,,1
186,302644327,Nebraska,Williamhaven,08/09/2012,Caliber,08/05/2017,260,1.74,1245,34,654.58,171.2,19.4158654,15.738830918,24.37763324,0.326093462,0,0,92.96804622,,0
187,409032853,New Jersey,Port Heidi,08/10/2012,Saranac AR,08/01/2018,222,0.86,546,34,580.85,135.5,23.54529762,17.776349863,28.50748992,0.280972928,0,0,87.0356665,,0
188,707376029,New Hampshire,New Dominic,08/09/2012,Saranac AR,07/18/2018,227,1.01,469,32,664.5,134.5,23.2691459,18.47120093,28.17488197,0.259589198,0,0,96.49518547,,1
189,924625318,Indiana,South Cody,04/04/2016,Caliber,08/23/2018,228,0.61,484,36,656.75,145.5,23.09769012,18.206788281,28.07272201,0.285284323,0,0,92.28094167,,0
190,961650074,Michigan,South Ashley,08/09/2012,Caliber,07/25/2015,193,1.4,1242,31,661.06,129.5,23.43788425,18.306625501,28.26979338,0.23336569,0,0,93.37973772,,1
191,686326703,Minnesota,Holtshire,08/09/2012,4030,06/21/2015,160,1.38,1106,31,724.27,70.0,22.87044511,12.469470679,27.77125624,0.258570762,0,0,99.31951474,,1
192,496967413,Iowa,Jorgeside,08/23/2012,Caliber,06/18/2017,160,1.5,1180,33,631.48,125.2,19.0978278,13.40923802,24.21291954,0.335884893,0,0,92.82959254,,1
193,934109577,Hawaii,Emilyfort,03/27/2016,Saranac AR,07/06/2017,225,0.6,817,31,521.42,162.6,22.73576683,17.41645763,27.96764561,0.278412153,0,0,97.5632094,,0
194,444917355,Florida,Greenmouth,08/10/2012,Saranac AR,06/30/2018,160,0.79,2215,32,749.47,101.4,24.60180573,17.83455925,28.07268632,0.271156546,0,0,74.15340386,,1
195,961894599,Delaware,Oscarchester,03/23/2015,Caliber,08/26/2015,193,0.53,217,32,598.34,175.7,22.95245314,17.512591616,27.87657054,0.309059544,0,0,100.0,,0
196,591581109,Virginia,West Cherylborough,05/09/2017,Saranac AR,06/16/2018,195,0.62,202,37,772.36,238.5,22.36707094,17.607827912,27.91850226,0.255547494,0,0,91.53038468,,0
197,44190443,Missouri,Kristishire,08/09/2012,Radiance HD,07/28/2016,162,1.42,1408,32,682.95,92.6,23.4785432,17.986357912,27.89486167,0.276256519,0,0,96.31612847,,1
198,780768392,Texas,Stewartton,04/13/2015,Caliber,07/07/2018,191,0.79,652,34,740.47,154.4,21.42863487,17.611260956,26.8641969,0.355042247,0,0,87.24933489,,1
199,527552075,Idaho,Schmidtton,08/09/2012,Saranac AR,07/04/2016,165,1.9,1048,31,688.57,98.7,22.65520244,18.209996559,28.0157593,0.259457254,0,0,89.81447795,,1
